distance_numeric,is_winner,is_top3,days_since_last_race,horse_name_decay_form_90,horse_rank_rolling_mean_10,horse_rank_rolling_std_10,horse_top3_rate_rolling_mean_5,horse_top3_rate_rolling_std_5,race_class_score,track_dist_avg_pos,prev_perf_index,horse_perf_avg_rolling_mean_5,horse_perf_avg_rolling_std_5,track_Ashburton,track_Awapuni,track_Ellerslie,track_Hastings,track_Hawera,track_Matamata,track_New Plymouth,track_Otaki,track_Pukekohe,track_Riccarton,track_Riccarton Synth,track_Rotorua,track_Ruakaka,track_Tauherinikau,track_Taupo,track_Tauranga,track_Te Aroha,track_Te Rapa,track_Trentham,track_Wanganui,track_Waverley,track_Wingatui,track_Woodville,race_type_2yo,race_type_2yoM,race_type_2yof,race_type_3yo,race_type_3yoM,race_type_3yof,race_type_Hrd,race_type_JmpF,race_type_Mdn,race_type_MdnF&M,race_type_MdnSpc,race_type_Open,race_type_R 65,race_type_R 65X,race_type_R 75,race_type_R 75X,race_type_R 85,race_type_WFA,race_type_WFAf&m,horse_name,race_id,position_numeric,relevance_score,group_id
1400.0,0,1,365.0,0.0,2.4885496183206106,2.512395057075209,0.8129770992366412,0.3906761888457202,0,3.25,0.0,0.0008560731104752,0.0010978682557413,False,False,False,False,False,False,False,False,False,False,False,False,True,False,False,False,False,False,False,False,False,False,False,False,False,False,False,False,False,False,False,False,False,False,True,False,False,False,False,False,False,False,Prise De Fer,20220820_Ruakaka_Open_1400.0,3.0,2.0,1
1100.0,0,0,365.0,0.0,2.4885496183206106,2.512395057075209,0.8129770992366412,0.3906761888457202,0,1.75,0.0,0.0008560731104752,0.0010978682557413,False,False,False,False,False,False,False,False,False,False,False,False,False,False,True,False,False,False,False,False,False,False,False,False,False,False,False,False,True,False,False,False,False,False,False,False,False,False,False,False,False,False,Romancing The Moon,20220824_Taupo_3yof_1100.0,4.0,1.0,1
1200.0,0,0,365.0,0.0,2.4885496183206106,2.512395057075209,0.8129770992366412,0.3906761888457202,0,4.0,0.0,0.0008560731104752,0.0010978682557413,False,False,False,False,False,False,False,False,False,False,True,False,False,False,False,False,False,False,False,False,False,False,False,False,False,False,False,False,False,False,False,False,False,False,False,False,False,True,False,False,False,False,Campionessa,20220825_Riccarton Synth_R 75_1200.0,4.0,1.0,1
1200.0,0,0,365.0,0.0,2.4885496183206106,2.512395057075209,0.8129770992366412,0.3906761888457202,0,3.5,0.0,0.0008560731104752,0.0010978682557413,False,False,False,False,False,False,False,False,False,False,False,False,False,False,False,False,False,True,False,False,False,False,False,False,False,False,False,True,False,False,False,False,False,False,False,False,False,False,False,False,False,False,Wild Night,20220827_Te Rapa_3yoM_1200.0,6.0,0.0,1
1200.0,0,1,365.0,0.0,2.4885496183206106,2.512395057075209,0.8129770992366412,0.3906761888457202,0,3.5,0.0,0.0008560731104752,0.0010978682557413,False,False,False,False,False,False,False,False,False,False,False,False,False,False,False,False,False,True,False,False,False,False,False,False,False,False,False,False,False,False,False,False,False,False,False,True,False,False,False,False,False,False,Mustang Valley,20220827_Te Rapa_R 65_1200.0,2.0,3.0,1
1050.0,1,1,365.0,0.0,2.4885496183206106,2.512395057075209,0.8129770992366412,0.3906761888457202,0,1.0,0.0,0.0008560731104752,0.0010978682557413,False,False,False,False,False,True,False,False,False,False,False,False,False,False,False,False,False,False,False,False,False,False,False,False,False,False,False,False,False,False,False,True,False,False,False,False,False,False,False,False,False,False,Pier,20220828_Matamata_Mdn_1050.0,1.0,4.0,1
1400.0,1,1,7.0,0.0,4.0,2.512395057075209,0.0,0.3906761888457202,0,1.0,0.0,0.0,0.0010978682557413,False,False,False,False,False,False,False,False,False,False,True,False,False,False,False,False,False,False,False,False,False,False,False,False,False,False,False,False,False,False,False,False,False,False,False,False,False,True,False,False,False,False,Campionessa,20220901_Riccarton Synth_R 75_1400.0,1.0,4.0,1
1200.0,0,1,10.0,0.0,4.0,2.512395057075209,0.0,0.3906761888457202,2,2.0,0.0,0.0,0.0010978682557413,False,False,False,False,False,False,False,False,False,False,False,False,False,False,False,False,False,False,False,True,False,False,False,False,False,False,False,False,True,False,False,False,False,False,False,False,False,False,False,False,False,False,Romancing The Moon,20220903_Wanganui_3yof_1200.0,2.0,3.0,1
1500.0,0,0,365.0,0.0,2.4885496183206106,2.512395057075209,0.8129770992366412,0.3906761888457202,0,6.0,0.0,0.0008560731104752,0.0010978682557413,False,False,False,False,False,False,False,False,False,False,False,False,False,False,False,False,False,True,False,False,False,False,False,False,False,False,False,False,False,False,False,False,False,False,True,False,False,False,False,False,False,False,Aromatic,20220904_Te Rapa_Open_1500.0,5.0,0.0,1
1200.0,0,1,13.0,0.0,1.0,2.512395057075209,1.0,0.3906761888457202,2,3.2,0.0,0.0,0.0010978682557413,False,False,False,True,False,False,False,False,False,False,False,False,False,False,False,False,False,False,False,False,False,False,False,False,False,False,True,False,False,False,False,False,False,False,False,False,False,False,False,False,False,False,Pier,20220910_Hastings_3yo_1200.0,2.0,3.0,1
1400.0,1,1,14.0,0.0,2.0,2.512395057075209,1.0,0.3906761888457202,0,3.1666666666666665,0.0,0.0,0.0010978682557413,False,False,False,True,False,False,False,False,False,False,False,False,False,False,False,False,False,False,False,False,False,False,False,False,False,False,False,False,False,False,False,False,False,False,False,False,False,False,True,False,False,False,Mustang Valley,20220910_Hastings_R 75X_1400.0,1.0,4.0,1
1800.0,0,1,16.0,0.0,2.5,2.1213203435596424,0.5,0.7071067811865476,0,3.5,0.0,0.0,0.0,False,False,False,False,False,False,False,False,False,True,False,False,False,False,False,False,False,False,False,False,False,False,False,False,False,False,False,False,False,False,False,False,False,False,True,False,False,False,False,False,False,False,Campionessa,20220917_Riccarton_Open_1800.0,2.0,3.0,1
1600.0,0,1,29.0,0.0,3.0,2.512395057075209,1.0,0.3906761888457202,0,1.2222222222222223,0.0,0.0,0.0010978682557413,False,False,False,False,False,False,False,False,False,False,False,False,False,False,False,False,False,True,False,False,False,False,False,False,False,False,False,False,False,False,False,False,False,False,True,False,False,False,False,False,False,False,Prise De Fer,20220918_Te Rapa_Open_1600.0,2.0,3.0,1
1200.0,1,1,25.0,0.0,6.0,2.512395057075209,0.0,0.3906761888457202,0,1.1428571428571428,0.0,0.0,0.0010978682557413,False,False,False,False,False,True,False,False,False,False,False,False,False,False,False,False,False,False,False,False,False,False,False,False,False,False,False,True,False,False,False,False,False,False,False,False,False,False,False,False,False,False,Wild Night,20220921_Matamata_3yoM_1200.0,1.0,4.0,1
1200.0,0,1,18.0,0.0,3.0,1.4142135623730951,0.5,0.7071067811865476,0,1.1428571428571428,0.0008333333333333,0.0,0.0,False,False,False,False,False,True,False,False,False,False,False,False,False,False,False,False,False,False,False,False,False,False,False,False,False,False,False,False,False,False,False,False,True,False,False,False,False,False,False,False,False,False,Romancing The Moon,20220921_Matamata_MdnF&M_1200.0,2.0,3.0,1
1550.0,1,1,14.0,0.3663162338696079,1.5,0.7071067811865476,1.0,0.0,3,1.5,0.0,0.0,0.0,False,True,False,False,False,False,False,False,False,False,False,False,False,False,False,False,False,False,False,False,False,False,False,False,False,False,False,False,False,False,False,False,False,False,True,False,False,False,False,False,False,False,Mustang Valley,20220924_Awapuni_Open_1550.0,1.0,4.0,2
1550.0,0,1,20.0,0.0,5.0,2.512395057075209,0.0,0.3906761888457202,3,1.5,0.0,0.0,0.0010978682557413,False,True,False,False,False,False,False,False,False,False,False,False,False,False,False,False,False,False,False,False,False,False,False,False,False,False,False,False,False,False,False,False,False,False,True,False,False,False,False,False,False,False,Aromatic,20220924_Awapuni_Open_1550.0,2.0,3.0,2
1600.0,0,1,365.0,0.0,2.4885496183206106,2.512395057075209,0.8129770992366412,0.3906761888457202,0,3.0,0.0,0.0008560731104752,0.0010978682557413,False,False,False,False,False,False,False,False,False,False,False,False,True,False,False,False,False,False,False,False,False,False,False,False,False,False,False,False,False,False,False,False,False,False,False,False,False,True,False,False,False,False,Aquacade,20220924_Ruakaka_R 75_1600.0,3.0,2.0,1
2000.0,0,1,14.0,0.7165313105737893,2.333333333333333,1.5275252316519468,0.6666666666666666,0.5773502691896258,0,2.0,0.0,0.0,0.0,False,False,False,False,False,False,False,False,False,True,False,False,False,False,False,False,False,False,False,False,False,False,False,False,False,False,False,False,False,False,False,False,False,False,True,False,False,False,False,False,False,False,Campionessa,20221001_Riccarton_Open_2000.0,2.0,3.0,1
1200.0,1,1,365.0,0.0,2.4885496183206106,2.512395057075209,0.8129770992366412,0.3906761888457202,0,1.0,0.0,0.0008560731104752,0.0010978682557413,False,False,False,False,False,False,False,False,False,True,False,False,False,False,False,False,False,False,False,False,False,False,False,False,False,False,False,False,False,False,False,False,False,False,False,False,False,True,False,False,False,False,Buoyant,20221001_Riccarton_R 75_1200.0,1.0,4.0,1
1400.0,1,1,28.0,0.634095594745432,1.5,0.7071067811865476,1.0,0.0,4,1.0,0.0008333333333333,0.0,0.0,False,False,False,False,False,True,False,False,False,False,False,False,False,False,False,False,False,False,False,False,False,False,False,False,False,False,True,False,False,False,False,False,False,False,False,False,False,False,False,False,False,False,Pier,20221008_Matamata_3yo_1400.0,1.0,4.0,1
1400.0,1,1,17.0,0.3389047890027251,2.6666666666666665,1.1547005383792517,0.6666666666666666,0.5773502691896258,0,1.0,0.0,0.0002777777777777,0.0004811252243246,False,False,False,False,False,True,False,False,False,False,False,False,False,False,False,False,False,False,False,False,False,False,False,False,False,False,False,False,False,False,False,True,False,False,False,False,False,False,False,False,False,False,Romancing The Moon,20221008_Matamata_Mdn_1400.0,1.0,4.0,1
1400.0,1,1,17.0,0.0,3.5,3.5355339059327378,0.5,0.7071067811865476,0,1.0,0.0,0.0,0.0,False,False,False,False,False,True,False,False,False,False,False,False,False,False,False,False,False,False,False,False,False,False,False,False,False,False,False,False,False,False,False,False,False,False,False,True,False,False,False,False,False,False,Wild Night,20221008_Matamata_R 65_1400.0,1.0,4.0,1
1600.0,0,1,14.0,1.046177010375744,1.3333333333333333,0.5773502691896257,1.0,0.0,5,3.75,0.0019354838709677,0.0,0.0,False,False,False,False,False,True,False,False,False,False,False,False,False,False,False,False,False,False,False,False,False,False,False,False,False,False,False,False,False,False,False,False,False,False,False,False,False,False,False,False,True,False,Mustang Valley,20221008_Matamata_WFA_1600.0,2.0,3.0,2
1600.0,0,1,20.0,0.1914541223635437,2.5,0.7071067811865476,1.0,0.0,5,3.75,0.0,0.0,0.0,False,False,False,False,False,True,False,False,False,False,False,False,False,False,False,False,False,False,False,False,False,False,False,False,False,False,False,False,False,False,False,False,False,False,False,False,False,False,False,False,True,False,Prise De Fer,20221008_Matamata_WFA_1600.0,3.0,2.0,2
1200.0,0,1,14.0,0.0,1.0,2.512395057075209,1.0,0.3906761888457202,0,3.0,0.0,0.0,0.0010978682557413,True,False,False,False,False,False,False,False,False,False,False,False,False,False,False,False,False,False,False,False,False,False,False,False,False,False,False,False,False,False,False,False,False,False,True,False,False,False,False,False,False,False,Buoyant,20221015_Ashburton_Open_1200.0,3.0,2.0,1
2040.0,1,1,7.0,1.7597811479233587,1.5,0.5773502691896257,1.0,0.0,5,2.75,0.0015625,0.0004838709677419,0.0009677419354838,False,False,False,True,False,False,False,False,False,False,False,False,False,False,False,False,False,False,False,False,False,False,False,False,False,False,False,False,False,False,False,False,False,False,False,False,False,False,False,False,True,False,Mustang Valley,20221015_Hastings_WFA_2040.0,1.0,4.0,3
2040.0,0,1,365.0,0.0,2.4885496183206106,2.512395057075209,0.8129770992366412,0.3906761888457202,5,2.75,0.0,0.0008560731104752,0.0010978682557413,False,False,False,True,False,False,False,False,False,False,False,False,False,False,False,False,False,False,False,False,False,False,False,False,False,False,False,False,False,False,False,False,False,False,False,False,False,False,False,False,True,False,Defibrillate,20221015_Hastings_WFA_2040.0,3.0,2.0,3
2040.0,0,0,7.0,0.5475367201601244,2.6666666666666665,0.5773502691896258,1.0,0.0,5,2.75,0.0010416666666666,0.0,0.0,False,False,False,True,False,False,False,False,False,False,False,False,False,False,False,False,False,False,False,False,False,False,False,False,False,False,False,False,False,False,False,False,False,False,False,False,False,False,False,False,True,False,Prise De Fer,20221015_Hastings_WFA_2040.0,6.0,0.0,3
1950.0,0,1,22.0,0.0,3.5,2.1213203435596424,0.5,0.7071067811865476,2,2.0,0.0009677419354838,0.0,0.0,False,False,False,False,False,False,False,False,False,False,False,True,False,False,False,False,False,False,False,False,False,False,False,False,False,False,False,False,False,False,False,False,False,False,True,False,False,False,False,False,False,False,Aromatic,20221016_Rotorua_Open_1950.0,2.0,3.0,1
2000.0,0,1,21.0,0.906318457799729,2.25,1.2583057392117916,0.75,0.5,2,2.0,0.0,0.0,0.0,False,False,False,False,False,False,False,False,False,True,False,False,False,False,False,False,False,False,False,False,False,False,False,False,False,False,False,False,False,False,False,False,False,False,True,False,False,False,False,False,False,False,Campionessa,20221022_Riccarton_Open_2000.0,2.0,3.0,1
1400.0,1,1,14.0,0.7086139185332333,2.6666666666666665,2.8867513459481287,0.6666666666666666,0.5773502691896258,4,3.6,0.0,0.0,0.0,False,False,False,False,False,False,False,False,False,False,False,False,False,False,False,False,False,True,False,False,False,False,False,False,False,False,True,False,False,False,False,False,False,False,False,False,False,False,False,False,False,False,Wild Night,20221022_Te Rapa_3yo_1400.0,1.0,4.0,1
1400.0,0,1,14.0,0.6443889628477435,2.25,1.2583057392117916,0.75,0.5,3,3.6,0.0,0.0002083333333333,0.0004166666666666,False,False,False,False,False,False,False,False,False,False,False,False,False,False,False,False,False,True,False,False,False,False,False,False,False,False,False,False,True,False,False,False,False,False,False,False,False,False,False,False,False,False,Romancing The Moon,20221022_Te Rapa_3yof_1400.0,2.0,3.0,1
1600.0,0,1,28.0,0.0,3.0,2.512395057075209,1.0,0.3906761888457202,0,1.2222222222222223,0.0,0.0,0.0010978682557413,False,False,False,False,False,False,False,False,False,False,False,False,False,False,False,False,False,True,False,False,False,False,False,False,False,False,False,False,False,False,False,False,False,False,False,False,False,True,False,False,False,False,Aquacade,20221022_Te Rapa_R 75_1600.0,2.0,3.0,1
2100.0,0,0,13.0,0.3389047890027251,3.0,1.7320508075688772,0.6666666666666666,0.5773502691896258,2,4.5,0.0005128205128205,0.0003225806451612,0.0005587260669577,False,True,False,False,False,False,False,False,False,False,False,False,False,False,False,False,False,False,False,False,False,False,False,False,False,False,False,False,False,False,False,False,False,False,True,False,False,False,False,False,False,False,Aromatic,20221029_Awapuni_Open_2100.0,6.0,0.0,1
2050.0,1,1,17.0,0.0,3.0,2.512395057075209,1.0,0.3906761888457202,3,2.0,0.0008169934640522,0.0,0.0010978682557413,False,False,False,False,False,False,False,False,True,False,False,False,False,False,False,False,False,False,False,False,False,False,False,False,False,False,False,False,False,False,False,False,False,False,False,False,False,False,False,False,True,False,Defibrillate,20221101_Pukekohe_WFA_2050.0,1.0,4.0,1
1600.0,1,1,28.0,0.732934186753738,1.3333333333333333,0.5773502691896257,1.0,0.0,5,1.5,0.0028571428571428,0.0002777777777777,0.0004811252243246,False,False,False,False,False,False,False,False,False,True,False,False,False,False,False,False,False,False,False,False,False,False,False,False,False,False,True,False,False,False,False,False,False,False,False,False,False,False,False,False,False,False,Pier,20221105_Riccarton_3yo_1600.0,1.0,4.0,1
1000.0,0,1,21.0,0.6778095780054503,2.0,1.4142135623730951,1.0,0.0,2,3.0,0.0,0.0,0.0,False,False,False,False,False,False,False,False,False,True,False,False,False,False,False,False,False,False,False,False,False,False,False,False,False,False,False,False,False,False,False,False,False,False,True,False,False,False,False,False,False,False,Buoyant,20221105_Riccarton_Open_1000.0,3.0,2.0,1
2500.0,1,1,14.0,1.1146585778315643,2.2,1.095445115010332,0.8,0.4472135954999579,2,1.0,0.0005,0.0,0.0,False,False,False,False,False,False,False,False,False,True,False,False,False,False,False,False,False,False,False,False,False,False,False,False,False,False,False,False,False,False,False,False,False,False,True,False,False,False,False,False,False,False,Campionessa,20221105_Riccarton_Open_2500.0,1.0,4.0,1
1600.0,0,1,28.0,0.6248203392105469,3.5,1.7320508075688772,0.75,0.5,4,2.0,0.0004084967320261,0.0002604166666666,0.0005208333333333,False,False,False,False,False,False,False,False,False,False,False,False,False,False,False,True,False,False,False,False,False,False,False,False,False,False,False,False,False,False,False,False,False,False,False,False,False,False,False,False,True,False,Prise De Fer,20221112_Tauranga_WFA_1600.0,2.0,3.0,1
1600.0,0,0,23.0,1.1619835705840895,2.2,1.095445115010332,0.8,0.4472135954999579,5,1.5,0.0010714285714285,0.0001666666666666,0.0003726779962499,False,False,False,False,False,False,False,False,False,True,False,False,False,False,False,False,False,False,False,False,False,False,False,False,False,False,False,False,True,False,False,False,False,False,False,False,False,False,False,False,False,False,Romancing The Moon,20221114_Riccarton_3yof_1600.0,4.0,1.0,1
1200.0,1,1,9.0,0.8497628009718454,2.333333333333333,1.1547005383792517,1.0,0.0,3,1.0,0.0006666666666666,0.0,0.0,False,False,False,False,False,False,False,False,False,True,False,False,False,False,False,False,False,False,False,False,False,False,False,False,False,False,False,False,False,False,False,False,False,False,True,False,False,False,False,False,False,False,Buoyant,20221114_Riccarton_Open_1200.0,1.0,4.0,1
1400.0,1,1,365.0,0.0,2.4885496183206106,2.512395057075209,0.8129770992366412,0.3906761888457202,0,1.6,0.0,0.0008560731104752,0.0010978682557413,False,False,False,False,False,False,True,False,False,False,False,False,False,False,False,False,False,False,False,False,False,False,False,False,False,False,False,False,False,False,False,False,True,False,False,False,False,False,False,False,False,False,Pearl Of Alsace,20221118_New Plymouth_MdnF&M_1400.0,1.0,4.0,1
2100.0,1,1,21.0,0.6110665619083203,3.75,2.0615528128088303,0.5,0.5773502691896257,3,1.0,0.0001587301587301,0.000370140612076,0.0004660089560052,False,False,False,False,False,False,False,False,True,False,False,False,False,False,False,False,False,False,False,False,False,False,False,False,False,False,False,False,False,False,False,False,False,False,True,False,False,False,False,False,False,False,Aromatic,20221119_Pukekohe_Open_2100.0,1.0,4.0,1
2100.0,1,1,28.0,0.1771276098192654,2.5,0.7071067811865476,1.0,0.0,0,1.0,0.0,0.0,0.0,False,False,False,False,False,False,False,False,True,False,False,False,False,False,False,False,False,False,False,False,False,False,False,False,False,False,False,False,False,False,False,False,False,False,False,False,False,False,True,False,False,False,Aquacade,20221119_Pukekohe_R 75X_2100.0,1.0,4.0,1
1100.0,1,1,365.0,0.0,2.4885496183206106,2.512395057075209,0.8129770992366412,0.3906761888457202,0,1.0,0.0,0.0008560731104752,0.0010978682557413,False,False,False,False,False,False,False,False,False,False,False,False,False,False,False,False,False,True,False,False,False,False,False,False,True,False,False,False,False,False,False,False,False,False,False,False,False,False,False,False,False,False,Tokyo Tycoon,20221126_Te Rapa_2yoM_1100.0,1.0,4.0,1
1600.0,1,1,14.0,0.5348084233621655,3.2,1.6431676725154984,0.8,0.4472135954999579,3,1.2222222222222223,0.00125,0.0002900326797385,0.000455890405673,False,False,False,False,False,False,False,False,False,False,False,False,False,False,False,False,False,True,False,False,False,False,False,False,False,False,False,False,False,False,False,False,False,False,True,False,False,False,False,False,False,False,Prise De Fer,20221126_Te Rapa_Open_1600.0,1.0,4.0,1
1600.0,1,1,15.0,0.0,1.0,2.512395057075209,1.0,0.3906761888457202,0,3.1,0.0,0.0,0.0010978682557413,False,False,False,False,False,False,False,False,False,False,False,False,False,False,False,False,False,False,True,False,False,False,False,False,False,False,False,False,False,False,False,False,False,True,False,False,False,False,False,False,False,False,Pearl Of Alsace,20221203_Trentham_MdnSpc_1600.0,1.0,4.0,1
1600.0,1,1,7.0,0.8907334906242317,2.833333333333333,1.7224014243685086,0.8,0.4472135954999579,5,3.1,0.001875,0.0005400326797385,0.0005822934287351,False,False,False,False,False,False,False,False,False,False,False,False,False,False,False,False,False,False,True,False,False,False,False,False,False,False,False,False,False,False,False,False,False,False,False,False,False,False,False,False,True,False,Prise De Fer,20221203_Trentham_WFA_1600.0,1.0,4.0,1
1200.0,1,1,49.0,0.907697594298597,2.25,2.5,0.75,0.5,0,3.5,0.0028571428571428,0.0,0.0,False,False,False,False,False,False,False,False,False,False,False,False,False,False,False,False,False,True,False,False,False,False,False,False,False,False,True,False,False,False,False,False,False,False,False,False,False,False,False,False,False,False,Wild Night,20221210_Te Rapa_3yo_1200.0,1.0,4.0,1
2400.0,0,1,21.0,0.4838972347124879,3.2,2.16794833886788,0.6,0.5477225575051661,3,4.0,0.0014285714285714,0.0003278585214069,0.0004145022753431,False,False,False,False,False,False,False,False,False,False,False,False,False,False,False,False,False,True,False,False,False,False,False,False,False,False,False,False,False,False,False,False,False,False,True,False,False,False,False,False,False,False,Aromatic,20221210_Te Rapa_Open_2400.0,3.0,2.0,1
1200.0,1,1,365.0,0.0,2.4885496183206106,2.512395057075209,0.8129770992366412,0.3906761888457202,0,3.5,0.0,0.0008560731104752,0.0010978682557413,False,False,False,False,False,False,False,False,False,False,False,False,False,False,False,False,False,True,False,False,False,False,False,False,False,False,False,False,False,False,False,False,False,False,False,False,False,False,True,False,False,False,Green Aeon,20221210_Te Rapa_R 75X_1200.0,1.0,4.0,1
2200.0,0,1,28.0,0.3981446042794639,2.0,1.0,1.0,0.0,0,3.0,0.0,0.0,0.0,False,False,False,False,False,False,False,False,False,False,False,False,False,False,False,False,False,True,False,False,False,False,False,False,False,False,False,False,False,False,False,False,False,False,False,False,False,True,False,False,False,False,Aquacade,20221217_Te Rapa_R 75_2200.0,3.0,2.0,1
1100.0,1,1,30.0,0.0,1.0,2.512395057075209,1.0,0.3906761888457202,0,1.0,0.0,0.0,0.0010978682557413,False,False,False,False,False,False,False,False,True,False,False,False,False,False,False,False,False,False,False,False,False,False,False,True,False,False,False,False,False,False,False,False,False,False,False,False,False,False,False,False,False,False,Tokyo Tycoon,20221226_Pukekohe_2yo_1100.0,1.0,4.0,1
1400.0,1,1,16.0,1.2455312485128358,2.0,2.2360679774997894,0.8,0.4472135954999579,2,2.0,0.0,0.0005714285714285,0.0012777531299998,False,False,False,False,False,False,False,False,True,False,False,False,False,False,False,False,False,False,False,False,False,False,False,False,False,False,True,False,False,False,False,False,False,False,False,False,False,False,False,False,False,False,Wild Night,20221226_Pukekohe_3yo_1400.0,1.0,4.0,1
1200.0,0,1,16.0,0.0,1.0,2.512395057075209,1.0,0.3906761888457202,2,2.375,0.0,0.0,0.0010978682557413,False,False,False,False,False,False,False,False,True,False,False,False,False,False,False,False,False,False,False,False,False,False,False,False,False,False,False,False,False,False,False,False,False,False,True,False,False,False,False,False,False,False,Green Aeon,20221226_Pukekohe_Open_1200.0,2.0,3.0,1
2050.0,1,1,55.0,0.1482785581586831,2.0,1.4142135623730951,1.0,0.0,5,2.0,0.0014634146341463,0.0004084967320261,0.0005777016186164,False,False,False,False,False,False,False,False,True,False,False,False,False,False,False,False,False,False,False,False,False,False,False,False,False,False,False,False,False,False,False,False,False,False,False,False,False,False,False,False,True,False,Defibrillate,20221226_Pukekohe_WFA_2050.0,1.0,4.0,2
2050.0,0,1,23.0,1.406392025312631,2.571428571428572,1.7182493859684491,0.8,0.4472135954999579,5,2.0,0.003125,0.0009150326797385,0.0007320587407395,False,False,False,False,False,False,False,False,True,False,False,False,False,False,False,False,False,False,False,False,False,False,False,False,False,False,False,False,False,False,False,False,False,False,False,False,False,False,False,False,True,False,Prise De Fer,20221226_Pukekohe_WFA_2050.0,2.0,3.0,2
1200.0,1,1,42.0,0.7201234882635159,2.0,1.1547005383792517,1.0,0.0,2,1.0,0.0025,0.0001666666666666,0.0003333333333333,False,False,False,False,False,False,False,False,False,False,False,False,False,False,False,False,False,False,False,False,False,True,False,False,False,False,False,False,False,False,False,False,False,False,True,False,False,False,False,False,False,False,Buoyant,20221226_Wingatui_Open_1200.0,1.0,4.0,1
2400.0,1,1,15.0,0.95718212638913,2.25,0.957427107756338,1.0,0.0,0,4.0,0.0,0.0,0.0,False,False,False,False,False,False,False,False,False,False,False,False,False,False,False,False,False,True,False,False,False,False,False,False,False,False,False,False,False,False,False,False,False,True,False,False,False,False,False,False,False,False,Aquacade,20230101_Te Rapa_MdnSpc_2400.0,1.0,4.0,1
1600.0,1,1,57.0,0.8188571276147921,2.0,1.095445115010332,1.0,0.0,4,1.2222222222222223,0.0008,0.0001,0.0002236067977499,False,False,False,False,False,False,False,False,False,False,False,False,False,False,False,False,False,True,False,False,False,False,False,False,False,False,False,False,False,False,False,False,False,False,True,False,False,False,False,False,False,False,Campionessa,20230101_Te Rapa_Open_1600.0,1.0,4.0,1
2400.0,0,0,22.0,0.9991190309821754,3.1666666666666665,1.940790217067952,0.8,0.4472135954999579,3,4.0,0.0004166666666666,0.0006135728071211,0.0005880397464652,False,False,False,False,False,False,False,False,False,False,False,False,False,False,False,False,False,True,False,False,False,False,False,False,False,False,False,False,False,False,False,False,False,False,True,False,False,False,False,False,False,False,Aromatic,20230101_Te Rapa_Open_2400.0,8.0,0.0,1
1200.0,1,1,50.0,0.8888740754556981,2.5,1.224744871391589,0.8,0.4472135954999579,0,1.1428571428571428,0.00078125,0.0003809523809523,0.0005283890719326,False,False,False,False,False,True,False,False,False,False,False,False,False,False,False,False,False,False,False,False,False,False,False,False,False,False,False,False,False,False,False,False,False,False,False,True,False,False,False,False,False,False,Romancing The Moon,20230103_Matamata_R 65_1200.0,1.0,4.0,1
1400.0,0,0,11.0,0.7866106159108778,2.2857142857142856,1.2535663410560174,0.8,0.4472135954999579,4,3.6666666666666665,0.0,0.0005372023809523,0.0005024497985155,False,False,False,False,False,False,False,False,False,False,False,False,False,False,False,False,False,False,True,False,False,False,False,False,False,False,True,False,False,False,False,False,False,False,False,False,False,False,False,False,False,False,Romancing The Moon,20230114_Trentham_3yo_1400.0,6.0,0.0,1
2100.0,0,0,13.0,1.1681491201092062,1.8571428571428568,1.0690449676496976,1.0,0.0,3,2.0,0.0025,0.00026,0.0003714835124201,False,False,False,False,False,False,False,False,False,False,False,False,False,False,False,False,False,False,True,False,False,False,False,False,False,False,False,False,False,False,False,False,False,False,True,False,False,False,False,False,False,False,Campionessa,20230114_Trentham_Open_2100.0,4.0,1.0,1
1200.0,1,1,26.0,0.536750332785653,1.0,0.0,1.0,0.0,2,2.375,0.0,0.0,0.0,False,False,False,False,False,False,False,False,True,False,False,False,False,False,False,False,False,False,False,False,False,False,False,True,False,False,False,False,False,False,False,False,False,False,False,False,False,False,False,False,False,False,Tokyo Tycoon,20230121_Pukekohe_2yo_1200.0,1.0,4.0,1
1200.0,0,1,77.0,0.6229346925876189,1.25,0.5,1.0,0.0,3,2.375,0.003125,0.000922619047619,0.001348184720584,False,False,False,False,False,False,False,False,True,False,False,False,False,False,False,False,False,False,False,False,False,False,False,False,False,False,True,False,False,False,False,False,False,False,False,False,False,False,False,False,False,False,Pier,20230121_Pukekohe_3yo_1200.0,3.0,2.0,1
1600.0,0,1,26.0,1.5601108559460453,1.8333333333333333,2.0412414523193148,1.0,0.0,2,4.142857142857143,0.0014285714285714,0.0005714285714285,0.0012777531299998,False,False,False,False,False,False,False,False,True,False,False,False,False,False,False,False,False,False,False,False,False,False,False,False,False,False,True,False,False,False,False,False,False,False,False,False,False,False,False,False,False,False,Wild Night,20230121_Pukekohe_3yo_1600.0,2.0,3.0,1
1200.0,1,1,26.0,0.6270890852730561,1.5,0.7071067811865476,1.0,0.0,3,2.375,0.0008333333333333,0.0,0.0,False,False,False,False,False,False,False,False,True,False,False,False,False,False,False,False,False,False,False,False,False,False,False,False,False,False,False,False,False,False,False,False,False,False,True,False,False,False,False,False,False,False,Green Aeon,20230121_Pukekohe_Open_1200.0,1.0,4.0,1
1600.0,1,1,49.0,0.4910982295021551,1.0,0.0,1.0,0.0,0,3.1,0.0,0.0,0.0,False,False,False,False,False,False,False,False,False,False,False,False,False,False,False,False,False,False,True,False,False,False,False,False,False,False,False,False,False,False,False,False,False,False,False,False,False,True,False,False,False,False,Pearl Of Alsace,20230121_Trentham_R 75_1600.0,1.0,4.0,1
1500.0,0,1,21.0,1.3236927501021063,2.75,1.7525491637693282,0.6,0.5477225575051661,2,2.0,0.0004761904761904,0.0003705357142857,0.0005176454308615,False,False,False,False,False,False,False,False,False,False,False,False,False,False,False,False,False,False,False,False,False,True,False,False,False,False,True,False,False,False,False,False,False,False,False,False,False,False,False,False,False,False,Romancing The Moon,20230204_Wingatui_3yo_1500.0,2.0,3.0,1
1600.0,0,0,40.0,1.3983362888661528,2.5,1.6035674514745464,0.8,0.4472135954999579,3,7.0,0.0012195121951219,0.0015400326797385,0.0010292212773751,False,False,False,False,False,False,False,False,False,False,False,False,False,False,False,False,False,False,False,False,False,True,False,False,False,False,False,False,False,False,False,False,False,False,False,False,False,False,False,False,True,False,Prise De Fer,20230204_Wingatui_WFA_1600.0,7.0,0.0,1
2100.0,1,1,35.0,0.8381258420055288,2.0,1.0,1.0,0.0,0,1.0,0.0,0.0,0.0,False,False,False,False,False,False,False,False,False,False,False,False,False,False,False,True,False,False,False,False,False,False,False,False,False,False,False,False,False,False,False,False,False,False,True,False,False,False,False,False,False,False,Aquacade,20230205_Tauranga_Open_2100.0,1.0,4.0,1
1400.0,1,1,20.0,0.8577997412295097,1.0,0.0,1.0,0.0,0,3.1666666666666665,0.0,0.0,0.0,False,False,False,True,False,False,False,False,False,False,False,False,False,False,False,False,False,False,False,False,False,False,False,False,False,False,False,False,False,False,False,False,False,False,False,False,False,True,False,False,False,False,Pearl Of Alsace,20230210_Hastings_R 75_1400.0,1.0,4.0,1
1400.0,0,0,119.0,0.5923546442660584,1.4,0.5477225575051661,1.0,0.0,5,3.6,0.0024509803921568,0.0006995967741935,0.0009669961003626,False,False,False,False,False,False,False,False,False,False,False,False,False,False,False,False,False,True,False,False,False,False,False,False,False,False,False,False,False,False,False,False,False,False,False,False,False,False,False,False,True,False,Mustang Valley,20230211_Te Rapa_WFA_1400.0,12.0,0.0,1
2000.0,0,1,28.0,1.4899195672984331,2.125,1.246423454758225,0.8,0.4472135954999579,5,1.7777777777777777,0.0003571428571428,0.00076,0.0010310189135025,False,False,False,False,False,False,False,False,False,False,False,False,False,False,False,False,False,True,False,False,False,False,False,False,False,False,False,False,False,False,False,False,False,False,False,False,False,False,False,False,True,False,Campionessa,20230211_Te Rapa_WFA_2000.0,2.0,3.0,3
2000.0,0,1,21.0,1.8286363672145487,1.8571428571428568,1.8644544714716087,1.0,0.0,5,1.7777777777777777,0.000625,0.0008571428571428,0.0012777531299998,False,False,False,False,False,False,False,False,False,False,False,False,False,False,False,False,False,True,False,False,False,False,False,False,False,False,False,False,False,False,False,False,False,False,False,False,False,False,False,False,True,False,Wild Night,20230211_Te Rapa_WFA_2000.0,3.0,2.0,3
2000.0,0,0,47.0,0.4099172394696221,1.6666666666666667,1.1547005383792517,1.0,0.0,5,1.7777777777777777,0.0024390243902439,0.0007601360327328,0.0007333622389246,False,False,False,False,False,False,False,False,False,False,False,False,False,False,False,False,False,True,False,False,False,False,False,False,False,False,False,False,False,False,False,False,False,False,False,False,False,False,False,False,True,False,Defibrillate,20230211_Te Rapa_WFA_2000.0,4.0,1.0,3
2400.0,1,1,13.0,1.3120466455899535,1.8333333333333333,0.983192080250175,1.0,0.0,4,1.0,0.0,0.0,0.0,False,False,False,False,False,False,False,False,True,False,False,False,False,False,False,False,False,False,False,False,False,False,False,False,False,False,False,False,False,False,False,False,False,False,True,False,False,False,False,False,False,False,Aquacade,20230218_Pukekohe_Open_2400.0,1.0,4.0,1
1200.0,1,1,35.0,0.8715585762971745,1.0,0.0,1.0,0.0,3,1.1428571428571428,0.0016666666666666,0.0,0.0,False,False,False,False,False,True,False,False,False,False,False,False,False,False,False,False,False,False,False,False,False,False,False,True,False,False,False,False,False,False,False,False,False,False,False,False,False,False,False,False,False,False,Tokyo Tycoon,20230225_Matamata_2yo_1200.0,1.0,4.0,1
1600.0,0,0,21.0,1.3611999472519254,3.0,2.1213203435596424,0.8,0.4472135954999579,5,5.0,0.0002678571428571,0.0015756017854296,0.0010105969328671,False,False,False,False,False,False,False,True,False,False,False,False,False,False,False,False,False,False,False,False,False,False,False,False,False,False,False,False,False,False,False,False,False,False,False,False,False,False,False,False,True,False,Prise De Fer,20230225_Otaki_WFA_1600.0,5.0,0.0,2
1600.0,0,0,14.0,1.9041069296506816,2.0,1.7728105208558365,1.0,0.0,5,5.0,0.0008333333333333,0.0009821428571428,0.0012012164327744,False,False,False,False,False,False,False,True,False,False,False,False,False,False,False,False,False,False,False,False,False,False,False,False,False,False,False,False,False,False,False,False,False,False,False,False,False,False,False,False,True,False,Wild Night,20230225_Otaki_WFA_1600.0,7.0,0.0,2
1500.0,0,0,62.0,0.6314607592058951,3.857142857142857,2.544836041121407,0.6,0.5477225575051661,0,6.0,0.00015625,0.0006969061404545,0.0005026781251406,False,False,False,False,False,False,False,False,False,False,False,False,False,False,False,False,False,True,False,False,False,False,False,False,False,False,False,False,False,False,False,False,False,False,True,False,False,False,False,False,False,False,Aromatic,20230304_Te Rapa_Open_1500.0,7.0,0.0,1
1400.0,1,1,28.0,0.9697802860358152,2.6666666666666665,1.6583123951777,0.6,0.5477225575051661,2,1.0,0.0006666666666666,0.0004657738095238,0.0004744317410324,False,False,False,False,False,False,False,False,False,False,False,False,False,False,False,False,False,False,False,False,False,True,False,False,False,False,False,False,True,False,False,False,False,False,False,False,False,False,False,False,False,False,Romancing The Moon,20230304_Wingatui_3yof_1400.0,1.0,4.0,1
1200.0,0,0,14.0,1.3261654395839295,1.0,0.0,1.0,0.0,5,2.375,0.0025,0.0004166666666666,0.0008333333333333,False,False,False,False,False,False,False,False,True,False,False,False,False,False,False,False,False,False,False,False,False,False,False,True,False,False,False,False,False,False,False,False,False,False,False,False,False,False,False,False,False,False,Tokyo Tycoon,20230311_Pukekohe_2yo_1200.0,7.0,0.0,1
3200.0,0,0,21.0,1.7243788402208446,1.7142857142857142,0.9511897312113418,1.0,0.0,4,4.0,0.0016666666666666,0.0,0.0,False,False,False,False,False,False,False,False,True,False,False,False,False,False,False,False,False,False,False,False,False,False,False,False,False,False,False,False,False,False,False,False,False,False,True,False,False,False,False,False,False,False,Aquacade,20230311_Pukekohe_Open_3200.0,4.0,1.0,1
2050.0,0,1,28.0,1.0915634493227957,2.111111111111111,1.1666666666666667,0.8,0.4472135954999579,5,2.0,0.00125,0.0008314285714285,0.0009761126565962,False,False,False,False,False,False,False,False,True,False,False,False,False,False,False,False,False,False,False,False,False,False,False,False,False,False,False,False,False,False,False,False,False,False,False,False,False,False,False,False,True,False,Campionessa,20230311_Pukekohe_WFA_2050.0,2.0,3.0,2
2050.0,0,0,28.0,0.7349168872285545,2.25,1.5,0.75,0.5,5,2.0,0.000625,0.0011798581221106,0.0010311223552842,False,False,False,False,False,False,False,False,True,False,False,False,False,False,False,False,False,False,False,False,False,False,False,False,False,False,False,False,False,False,False,False,False,False,False,False,False,False,False,False,True,False,Defibrillate,20230311_Pukekohe_WFA_2050.0,5.0,0.0,2
1600.0,1,1,14.0,1.143617818480634,2.5,1.6499158227686108,0.6,0.5477225575051661,5,3.1,0.0014285714285714,0.0005991071428571,0.000398392305749,False,False,False,False,False,False,False,False,False,False,False,False,False,False,False,False,False,False,True,False,False,False,False,False,False,False,True,False,False,False,False,False,False,False,False,False,False,False,False,False,False,False,Romancing The Moon,20230318_Trentham_3yo_1600.0,1.0,4.0,1
1600.0,1,1,36.0,1.1117506948159774,1.0,0.0,1.0,0.0,3,3.1,0.0,0.0,0.0,False,False,False,False,False,False,False,False,False,False,False,False,False,False,False,False,False,False,True,False,False,False,False,False,False,False,False,False,False,False,False,True,False,False,False,False,False,False,False,False,False,False,Pearl Of Alsace,20230318_Trentham_Mdn_1600.0,1.0,4.0,2
1600.0,0,1,14.0,0.540492221288241,4.25,2.6049403612586386,0.4,0.5477225575051661,3,3.1,0.0,0.0005346077533577,0.0005239261379361,False,False,False,False,False,False,False,False,False,False,False,False,False,False,False,False,False,False,True,False,False,False,False,False,False,False,False,False,False,False,False,True,False,False,False,False,False,False,False,False,False,False,Aromatic,20230318_Trentham_Mdn_1600.0,2.0,3.0,2
2000.0,0,0,365.0,0.0,2.4885496183206106,2.512395057075209,0.8129770992366412,0.3906761888457202,4,3.0,0.0,0.0008560731104752,0.0010978682557413,False,True,False,False,False,False,False,False,False,False,False,False,False,False,False,False,False,False,False,False,False,False,False,False,False,False,False,False,False,False,False,False,False,False,True,False,False,False,False,False,False,False,Hes A Doozy,20230401_Awapuni_Open_2000.0,5.0,0.0,1
1600.0,0,0,21.0,1.411203226154454,1.0,0.0,1.0,0.0,5,4.142857142857143,0.001875,0.0,0.0,False,False,False,False,False,False,False,False,True,False,False,False,False,False,False,False,False,False,False,False,False,False,False,False,False,False,False,False,False,False,False,False,False,False,False,False,False,False,False,False,False,True,Pearl Of Alsace,20230408_Pukekohe_WFAf&m_1600.0,4.0,1.0,3
1600.0,0,0,21.0,0.428010150724349,4.0,2.549509756796392,0.6,0.5477225575051661,5,4.142857142857143,0.0009375,0.0004320436507936,0.0005767859617043,False,False,False,False,False,False,False,False,True,False,False,False,False,False,False,False,False,False,False,False,False,False,False,False,False,False,False,False,False,False,False,False,False,False,False,False,False,False,False,False,False,True,Aromatic,20230408_Pukekohe_WFAf&m_1600.0,6.0,0.0,3
1600.0,0,0,56.0,0.4610132351913421,3.1666666666666665,4.355073669487885,0.8,0.4472135954999579,5,4.142857142857143,0.000297619047619,0.0011897928526249,0.0011310143441538,False,False,False,False,False,False,False,False,True,False,False,False,False,False,False,False,False,False,False,False,False,False,False,False,False,False,False,False,False,False,False,False,False,False,False,False,False,False,False,False,False,True,Mustang Valley,20230408_Pukekohe_WFAf&m_1600.0,12.0,0.0,3
2000.0,1,1,6.0,0.770815596007923,4.2,2.485513584307633,0.4,0.5477225575051661,3,3.0,0.0005208333333333,0.0005877976190476,0.0005895374342125,False,True,False,False,False,False,False,False,False,False,False,False,False,False,False,False,False,False,False,False,False,False,False,False,False,False,False,False,False,False,False,False,False,False,False,False,False,False,False,False,False,True,Aromatic,20230414_Awapuni_WFAf&m_2000.0,1.0,4.0,1
2000.0,1,1,15.0,0.6524813152813733,3.8,2.6583202716502514,0.4,0.5477225575051661,4,1.7777777777777777,0.0015,0.00040625,0.0003615948949522,False,False,False,False,False,False,False,False,False,False,False,False,False,False,False,False,False,True,False,False,False,False,False,False,False,False,False,False,False,False,False,False,False,False,False,False,False,False,False,False,False,True,Aromatic,20230429_Te Rapa_WFAf&m_2000.0,1.0,4.0,1
3100.0,0,1,365.0,0.0,2.4885496183206106,2.512395057075209,0.8129770992366412,0.3906761888457202,0,3.0,0.0,0.0008560731104752,0.0010978682557413,False,False,False,False,False,False,False,False,False,True,False,False,False,False,False,False,False,False,False,False,False,False,False,False,False,False,False,False,False,True,False,False,False,False,False,False,False,False,False,False,False,False,Berry The Cash,20230805_Riccarton_Hrd_3100.0,3.0,2.0,1
1600.0,1,1,365.0,0.0,2.4885496183206106,2.512395057075209,0.8129770992366412,0.3906761888457202,3,1.5,0.0,0.0008560731104752,0.0010978682557413,False,False,False,False,False,False,False,False,False,True,False,False,False,False,False,False,False,False,False,False,False,False,False,False,False,False,False,False,False,False,False,False,False,False,True,False,False,False,False,False,False,False,Belardo Boy,20230805_Riccarton_Open_1600.0,1.0,4.0,1
1100.0,1,1,365.0,0.0,2.4885496183206106,2.512395057075209,0.8129770992366412,0.3906761888457202,0,1.0,0.0,0.0008560731104752,0.0010978682557413,False,False,False,False,False,False,False,False,False,False,False,False,True,False,False,False,False,False,False,False,False,False,False,False,False,False,True,False,False,False,False,False,False,False,False,False,False,False,False,False,False,False,Crocetti,20230805_Ruakaka_3yo_1100.0,1.0,4.0,1
4200.0,1,1,7.0,0.0,3.0,2.512395057075209,1.0,0.3906761888457202,0,1.0,0.0,0.0,0.0010978682557413,False,False,False,False,False,False,False,False,False,True,False,False,False,False,False,False,False,False,False,False,False,False,False,False,False,False,False,False,False,True,False,False,False,False,False,False,False,False,False,False,False,False,Berry The Cash,20230812_Riccarton_Hrd_4200.0,1.0,4.0,1
1800.0,0,0,7.0,0.0,1.0,2.512395057075209,1.0,0.3906761888457202,0,3.5,0.001875,0.0,0.0010978682557413,False,False,False,False,False,False,False,False,False,True,False,False,False,False,False,False,False,False,False,False,False,False,False,False,False,False,False,False,False,False,False,False,False,False,True,False,False,False,False,False,False,False,Belardo Boy,20230812_Riccarton_Open_1800.0,5.0,0.0,1
1200.0,0,1,365.0,0.0,2.4885496183206106,2.512395057075209,0.8129770992366412,0.3906761888457202,0,2.0,0.0,0.0008560731104752,0.0010978682557413,False,False,False,False,False,False,True,False,False,False,False,False,False,False,False,False,False,False,False,False,False,False,False,False,False,False,False,False,False,False,False,False,False,False,True,False,False,False,False,False,False,False,Ladies Man,20230819_New Plymouth_Open_1200.0,3.0,2.0,1
1200.0,1,1,14.0,0.0,1.0,2.512395057075209,1.0,0.3906761888457202,3,1.0,0.0,0.0,0.0010978682557413,False,False,False,False,False,False,False,False,False,False,False,False,True,False,False,False,False,False,False,False,False,False,False,False,False,False,True,False,False,False,False,False,False,False,False,False,False,False,False,False,False,False,Crocetti,20230819_Ruakaka_3yo_1200.0,1.0,4.0,1
1100.0,1,1,365.0,0.0,2.4885496183206106,2.512395057075209,0.8129770992366412,0.3906761888457202,0,1.75,0.0,0.0008560731104752,0.0010978682557413,False,False,False,False,False,False,False,False,False,False,False,False,False,False,True,False,False,False,False,False,False,False,False,False,False,False,True,False,False,False,False,False,False,False,False,False,False,False,False,False,False,False,Quintessa,20230823_Taupo_3yo_1100.0,1.0,4.0,1
1200.0,0,1,365.0,0.0,2.4885496183206106,2.512395057075209,0.8129770992366412,0.3906761888457202,4,3.5,0.0,0.0008560731104752,0.0010978682557413,False,False,False,False,False,False,False,False,False,False,False,False,False,False,False,False,False,True,False,False,False,False,False,False,False,False,False,False,False,False,False,False,False,False,False,False,False,False,False,False,True,False,Skew Wiff,20230826_Te Rapa_WFA_1200.0,2.0,3.0,2
1200.0,0,0,365.0,0.0,2.4885496183206106,2.512395057075209,0.8129770992366412,0.3906761888457202,4,3.5,0.0,0.0008560731104752,0.0010978682557413,False,False,False,False,False,False,False,False,False,False,False,False,False,False,False,False,False,True,False,False,False,False,False,False,False,False,False,False,False,False,False,False,False,False,False,False,False,False,False,False,True,False,El Vencedor,20230826_Te Rapa_WFA_1200.0,13.0,0.0,2
1200.0,1,1,365.0,0.0,2.4885496183206106,2.512395057075209,0.8129770992366412,0.3906761888457202,0,1.0,0.0,0.0008560731104752,0.0010978682557413,False,False,False,False,False,False,False,False,False,True,False,False,False,False,False,False,False,False,False,False,False,False,False,False,False,False,False,False,False,False,False,False,False,False,False,False,False,True,False,False,False,False,Its Business Time,20230902_Riccarton_R 75_1200.0,1.0,4.0,1
1200.0,1,1,17.0,0.0,1.0,2.512395057075209,1.0,0.3906761888457202,3,3.2,0.0,0.0,0.0010978682557413,False,False,False,True,False,False,False,False,False,False,False,False,False,False,False,False,False,False,False,False,False,False,False,False,False,False,False,False,True,False,False,False,False,False,False,False,False,False,False,False,False,False,Quintessa,20230909_Hastings_3yof_1200.0,1.0,4.0,2
1200.0,0,0,365.0,0.0,2.4885496183206106,2.512395057075209,0.8129770992366412,0.3906761888457202,3,3.2,0.0,0.0008560731104752,0.0010978682557413,False,False,False,True,False,False,False,False,False,False,False,False,False,False,False,False,False,False,False,False,False,False,False,False,False,False,False,False,True,False,False,False,False,False,False,False,False,False,False,False,False,False,Orchestral,20230909_Hastings_3yof_1200.0,10.0,0.0,2
1600.0,0,0,182.0,0.1929664163328145,2.1,1.100504934614612,0.8,0.4472135954999579,0,8.5,0.0012195121951219,0.0010814285714285,0.0008635120504222,False,False,False,True,False,False,False,False,False,False,False,False,False,False,False,False,False,False,False,False,False,False,False,False,False,False,False,False,False,False,False,False,False,False,True,False,False,False,False,False,False,False,Campionessa,20230909_Hastings_Open_1600.0,5.0,0.0,1
1400.0,1,1,14.0,0.0,2.0,2.512395057075209,1.0,0.3906761888457202,5,3.1666666666666665,0.0016666666666666,0.0,0.0010978682557413,False,False,False,True,False,False,False,False,False,False,False,False,False,False,False,False,False,False,False,False,False,False,False,False,False,False,False,False,False,False,False,False,False,False,False,False,False,False,False,False,True,False,Skew Wiff,20230909_Hastings_WFA_1400.0,1.0,4.0,2
1400.0,0,1,365.0,0.0,2.4885496183206106,2.512395057075209,0.8129770992366412,0.3906761888457202,5,3.1666666666666665,0.0,0.0008560731104752,0.0010978682557413,False,False,False,True,False,False,False,False,False,False,False,False,False,False,False,False,False,False,False,False,False,False,False,False,False,False,False,False,False,False,False,False,False,False,False,False,False,False,False,False,True,False,Legarto,20230909_Hastings_WFA_1400.0,3.0,2.0,2
1400.0,0,1,14.0,0.0,13.0,2.512395057075209,0.0,0.3906761888457202,0,3.25,0.0002564102564102,0.0,0.0010978682557413,False,False,False,False,False,False,False,False,False,False,False,False,True,False,False,False,False,False,False,False,False,False,False,False,False,False,False,False,False,False,False,False,False,False,True,False,False,False,False,False,False,False,El Vencedor,20230909_Ruakaka_Open_1400.0,3.0,2.0,1
1200.0,1,1,365.0,0.0,2.4885496183206106,2.512395057075209,0.8129770992366412,0.3906761888457202,0,1.0,0.0,0.0008560731104752,0.0010978682557413,False,False,False,False,False,False,False,False,False,False,False,False,False,False,True,False,False,False,False,False,False,False,False,False,False,False,False,False,False,False,False,True,False,False,False,False,False,False,False,False,False,False,Molly Bloom,20230915_Taupo_Mdn_1200.0,1.0,4.0,1
1400.0,0,1,28.0,0.0,3.0,2.512395057075209,1.0,0.3906761888457202,0,1.6,0.0,0.0,0.0010978682557413,False,False,False,False,False,False,True,False,False,False,False,False,False,False,False,False,False,False,False,False,False,False,False,False,False,False,False,False,False,False,False,False,False,False,True,False,False,False,False,False,False,False,Ladies Man,20230916_New Plymouth_Open_1400.0,2.0,3.0,1
1600.0,1,1,42.0,0.5801640071622537,3.0,2.8284271247461903,0.5,0.7071067811865476,3,1.5,0.0,0.0009375,0.0013258252147247,False,True,False,False,False,False,False,False,False,False,False,False,False,False,False,False,False,False,False,False,False,False,False,False,False,False,False,False,False,False,False,False,False,False,True,False,False,False,False,False,False,False,Belardo Boy,20230923_Awapuni_Open_1600.0,1.0,4.0,2
1600.0,0,1,7.0,0.2236771607417986,2.5,0.7071067811865476,1.0,0.0,3,1.5,0.0,0.0,0.0,False,True,False,False,False,False,False,False,False,False,False,False,False,False,False,False,False,False,False,False,False,False,False,False,False,False,False,False,False,False,False,False,False,False,True,False,False,False,False,False,False,False,Ladies Man,20230923_Awapuni_Open_1600.0,2.0,3.0,2
2100.0,0,1,42.0,0.1914541223635437,2.0,1.4142135623730951,1.0,0.0,0,4.5,0.0,0.0,0.0,False,True,False,False,False,False,False,False,False,False,False,False,False,False,False,False,False,False,False,False,False,False,False,False,False,False,False,False,False,False,False,False,False,False,False,False,False,True,False,False,False,False,Berry The Cash,20230923_Awapuni_R 75_2100.0,3.0,2.0,1
1200.0,1,1,41.0,0.5427474811642219,1.0,0.0,1.0,0.0,0,3.5,0.0025,0.0,0.0,False,False,False,False,False,False,False,False,False,False,False,False,False,False,False,False,False,True,False,False,False,False,False,False,False,False,True,False,False,False,False,False,False,False,False,False,False,False,False,False,False,False,Crocetti,20230929_Te Rapa_3yo_1200.0,1.0,4.0,1
1300.0,0,0,21.0,0.0,8.0,7.071067811865476,0.5,0.7071067811865476,0,4.5,0.0,0.0001282051282051,0.0001813094310734,False,False,False,True,False,False,False,False,False,False,False,False,False,False,False,False,False,False,False,False,False,False,False,False,False,False,False,False,False,False,False,False,False,False,True,False,False,False,False,False,False,False,El Vencedor,20230930_Hastings_Open_1300.0,4.0,1.0,1
1600.0,0,0,21.0,0.2052157401661681,2.2,1.3165611772087666,0.6,0.5477225575051661,5,8.5,0.0,0.0012253310104529,0.0008000125918651,False,False,False,True,False,False,False,False,False,False,False,False,False,False,False,False,False,False,False,False,False,False,False,False,False,False,False,False,False,False,False,False,False,False,False,False,False,False,False,False,True,False,Campionessa,20230930_Hastings_WFA_1600.0,12.0,0.0,1
1200.0,1,1,28.0,0.0,1.0,2.512395057075209,1.0,0.3906761888457202,0,1.0,0.0,0.0,0.0010978682557413,False,False,False,False,False,False,False,False,False,True,False,False,False,False,False,False,False,False,False,False,False,False,False,False,False,False,False,False,False,False,False,False,False,False,False,False,False,True,False,False,False,False,Its Business Time,20230930_Riccarton_R 75_1200.0,1.0,4.0,1
1600.0,1,1,28.0,0.0,3.0,2.512395057075209,1.0,0.3906761888457202,2,3.75,0.0011904761904761,0.0,0.0010978682557413,False,False,False,False,False,True,False,False,False,False,False,False,False,False,False,False,False,False,False,False,False,False,False,False,False,False,False,False,False,False,False,False,False,False,True,False,False,False,False,False,False,False,Legarto,20231007_Matamata_Open_1600.0,1.0,4.0,1
1300.0,0,0,29.0,0.0,1.0,2.512395057075209,1.0,0.3906761888457202,0,4.5,0.0,0.0,0.0010978682557413,False,False,False,True,False,False,False,False,False,False,False,False,False,False,False,False,False,False,False,False,False,False,False,False,False,False,True,False,False,False,False,False,False,False,False,False,False,False,False,False,False,False,Molly Bloom,20231014_Hastings_3yo_1300.0,5.0,0.0,1
1400.0,0,0,14.0,0.2236771607417986,6.666666666666667,5.507570547286102,0.3333333333333333,0.5773502691896258,3,3.1666666666666665,0.0,8.547008547008547e-05,0.0001480385305614,False,False,False,True,False,False,False,False,False,False,False,False,False,False,False,False,False,False,False,False,False,False,False,False,False,False,False,False,False,False,False,False,False,False,True,False,False,False,False,False,False,False,El Vencedor,20231014_Hastings_Open_1400.0,4.0,1.0,1
2040.0,1,1,21.0,0.5434438436888734,2.333333333333333,0.5773502691896258,1.0,0.0,5,2.75,0.0009375,0.0,0.0,False,False,False,True,False,False,False,False,False,False,False,False,False,False,False,False,False,False,False,False,False,False,False,False,False,False,False,False,False,False,False,False,False,False,False,False,False,False,False,False,True,False,Ladies Man,20231014_Hastings_WFA_2040.0,1.0,4.0,1
1400.0,1,1,22.0,0.9216322920521636,1.0,0.0,1.0,0.0,4,3.6,0.0,0.0008333333333333,0.001443375672974,False,False,False,False,False,False,False,False,False,False,False,False,False,False,False,False,False,True,False,False,False,False,False,False,False,False,True,False,False,False,False,False,False,False,False,False,False,False,False,False,False,False,Crocetti,20231021_Te Rapa_3yo_1400.0,1.0,4.0,1
1400.0,0,1,365.0,0.0,2.4885496183206106,2.512395057075209,0.8129770992366412,0.3906761888457202,0,3.6,0.0,0.0008560731104752,0.0010978682557413,False,False,False,False,False,False,False,False,False,False,False,False,False,False,False,False,False,True,False,False,False,False,False,False,False,False,False,False,False,False,False,False,False,False,True,False,False,False,False,False,False,False,Puntura,20231021_Te Rapa_Open_1400.0,2.0,3.0,1
1600.0,0,0,28.0,0.425046988260754,2.333333333333333,2.309401076758504,0.6666666666666666,0.5773502691896258,3,3.1,0.001875,0.000625,0.0010825317547305,False,False,False,False,False,False,False,False,False,False,False,False,False,False,False,False,False,False,True,False,False,False,False,False,False,False,False,False,False,False,False,False,False,False,True,False,False,False,False,False,False,False,Belardo Boy,20231021_Trentham_Open_1600.0,11.0,0.0,1
1400.0,0,0,14.0,0.6201599950027585,3.0,2.8284271247461903,0.5,0.7071067811865476,4,2.0,0.0,0.0,0.0,False,False,False,False,False,False,False,False,True,False,False,False,False,False,False,False,False,False,False,False,False,False,False,False,False,False,False,False,True,False,False,False,False,False,False,False,False,False,False,False,False,False,Molly Bloom,20231028_Pukekohe_3yof_1400.0,4.0,1.0,1
1200.0,1,1,365.0,0.0,2.4885496183206106,2.512395057075209,0.8129770992366412,0.3906761888457202,0,2.375,0.0,0.0008560731104752,0.0010978682557413,False,False,False,False,False,False,False,False,True,False,False,False,False,False,False,False,False,False,False,False,False,False,False,False,False,False,False,False,False,False,False,False,False,False,True,False,False,False,False,False,False,False,Desert Lightning,20231028_Pukekohe_Open_1200.0,1.0,4.0,1
1400.0,1,1,28.0,0.536750332785653,1.0,0.0,1.0,0.0,0,1.0,0.0,0.0,0.0,False,False,False,False,False,False,False,False,False,True,False,False,False,False,False,False,False,False,False,False,False,False,False,False,False,False,False,False,False,False,False,False,False,False,True,False,False,False,False,False,False,False,Its Business Time,20231028_Riccarton_Open_1400.0,1.0,4.0,1
1400.0,0,0,14.0,0.0,2.0,2.512395057075209,1.0,0.3906761888457202,0,3.6666666666666665,0.0,0.0,0.0010978682557413,False,False,False,False,False,False,False,False,False,False,False,False,False,False,False,False,False,False,True,False,False,False,False,False,False,False,False,False,False,False,False,False,False,False,True,False,False,False,False,False,False,False,Puntura,20231104_Trentham_Open_1400.0,9.0,0.0,1
1500.0,0,1,24.0,0.1713206760570882,6.0,4.69041575982343,0.25,0.5,2,1.5,0.0005357142857142,6.41025641025641e-05,0.0001282051282051,False,False,False,False,False,False,False,False,True,False,False,False,False,False,False,False,False,False,False,False,False,False,False,False,False,False,False,False,False,False,False,False,False,False,True,False,False,False,False,False,False,False,El Vencedor,20231107_Pukekohe_Open_1500.0,2.0,3.0,1
1400.0,0,1,365.0,0.0,2.4885496183206106,2.512395057075209,0.8129770992366412,0.3906761888457202,0,2.0,0.0,0.0008560731104752,0.0010978682557413,False,False,False,False,False,False,False,False,True,False,False,False,False,False,False,False,False,False,False,False,False,False,False,False,False,False,False,False,False,False,False,False,False,False,False,False,True,False,False,False,False,False,Snazzytavi,20231107_Pukekohe_R 65X_1400.0,2.0,3.0,1
1600.0,1,1,21.0,1.3499909910779204,1.0,0.0,1.0,0.0,5,1.5,0.0028571428571428,0.000625,0.00125,False,False,False,False,False,False,False,False,False,True,False,False,False,False,False,False,False,False,False,False,False,False,False,False,False,False,True,False,False,False,False,False,False,False,False,False,False,False,False,False,False,False,Crocetti,20231111_Riccarton_3yo_1600.0,1.0,4.0,1
1000.0,1,1,365.0,0.0,2.4885496183206106,2.512395057075209,0.8129770992366412,0.3906761888457202,0,1.0,0.0,0.0008560731104752,0.0010978682557413,False,False,False,False,False,False,False,False,False,False,False,False,False,False,False,False,False,True,False,False,False,False,False,True,False,False,False,False,False,False,False,False,False,False,False,False,False,False,False,False,False,False,Velocious,20231111_Te Rapa_2yo_1000.0,1.0,4.0,1
1000.0,1,1,365.0,0.0,2.4885496183206106,2.512395057075209,0.8129770992366412,0.3906761888457202,0,1.0,0.0,0.0008560731104752,0.0010978682557413,False,False,False,False,False,False,False,False,False,False,False,False,False,True,False,False,False,False,False,False,False,False,False,True,False,False,False,False,False,False,False,False,False,False,False,False,False,False,False,False,False,False,Captured By Love,20231112_Tauherinikau_2yo_1000.0,1.0,4.0,1
1400.0,0,1,365.0,0.0,2.4885496183206106,2.512395057075209,0.8129770992366412,0.3906761888457202,0,3.25,0.0,0.0008560731104752,0.0010978682557413,False,False,False,False,False,False,False,False,False,False,False,False,True,False,False,False,False,False,False,False,False,False,False,False,False,False,False,False,False,False,False,False,False,False,False,True,False,False,False,False,False,False,Nereus,20231114_Ruakaka_R 65_1400.0,3.0,2.0,1
1600.0,1,1,11.0,0.3787325641984832,5.5,4.949747468305833,0.5,0.7071067811865476,3,1.5,0.0,0.0,0.0,False,False,False,False,False,False,False,False,False,True,False,False,False,False,False,False,False,False,False,False,False,False,False,False,False,False,False,False,False,False,False,False,False,False,True,False,False,False,False,False,False,False,Puntura,20231115_Riccarton_Open_1600.0,1.0,4.0,2
1600.0,0,1,18.0,1.0392827362179635,1.0,0.0,1.0,0.0,3,1.5,0.0,0.0,0.0,False,False,False,False,False,False,False,False,False,True,False,False,False,False,False,False,False,False,False,False,False,False,False,False,False,False,False,False,False,False,False,False,False,False,True,False,False,False,False,False,False,False,Its Business Time,20231115_Riccarton_Open_1600.0,2.0,3.0,2
1600.0,1,1,21.0,0.4910982295021551,3.333333333333333,2.0816659994661326,0.3333333333333333,0.5773502691896258,5,1.5,0.0007142857142857,0.0,0.0,False,False,False,False,False,False,False,False,False,True,False,False,False,False,False,False,False,False,False,False,False,False,False,False,False,False,False,False,True,False,False,False,False,False,False,False,False,False,False,False,False,False,Molly Bloom,20231118_Riccarton_3yof_1600.0,1.0,4.0,1
1400.0,0,1,21.0,0.0,1.0,2.512395057075209,1.0,0.3906761888457202,0,3.0,0.0,0.0,0.0010978682557413,False,False,False,False,False,False,False,False,False,False,False,False,False,False,False,True,False,False,False,False,False,False,False,False,False,False,False,False,False,False,False,False,False,False,True,False,False,False,False,False,False,False,Desert Lightning,20231118_Tauranga_Open_1400.0,3.0,2.0,1
1400.0,1,1,365.0,0.0,2.4885496183206106,2.512395057075209,0.8129770992366412,0.3906761888457202,0,1.6,0.0,0.0008560731104752,0.0010978682557413,False,False,False,False,False,False,True,False,False,False,False,False,False,False,False,False,False,False,False,False,False,False,False,False,False,False,False,False,False,False,False,False,False,False,False,False,False,True,False,False,False,False,Islington Lass,20231124_New Plymouth_R 75_1400.0,1.0,4.0,1
1100.0,1,1,14.0,0.0,1.0,2.512395057075209,1.0,0.3906761888457202,2,1.0,0.0,0.0,0.0010978682557413,False,False,False,False,False,False,False,False,True,False,False,False,False,False,False,False,False,False,False,False,False,False,False,True,False,False,False,False,False,False,False,False,False,False,False,False,False,False,False,False,False,False,Velocious,20231125_Pukekohe_2yo_1100.0,1.0,4.0,1
1400.0,1,1,56.0,0.1101496168270448,3.3,3.301514803843836,0.4,0.5477225575051661,4,2.0,0.0002604166666666,0.0010653310104529,0.0009685827539884,False,False,False,False,False,False,False,False,True,False,False,False,False,False,False,False,False,False,False,False,False,False,False,False,False,False,False,False,False,False,False,False,False,False,False,False,False,False,False,False,False,True,Campionessa,20231125_Pukekohe_WFAf&m_1400.0,1.0,4.0,1
1340.0,0,1,35.0,0.7846862235369187,4.5,4.725815626252608,0.5,0.5773502691896257,0,2.0,0.0001704545454545,0.0009375,0.0010825317547305,False,False,False,False,False,False,False,False,False,False,False,False,False,False,False,False,False,False,False,True,False,False,False,False,False,False,False,False,False,False,False,False,False,False,True,False,False,False,False,False,False,False,Belardo Boy,20231125_Wanganui_Open_1340.0,2.0,3.0,1
1300.0,1,1,365.0,0.0,2.4885496183206106,2.512395057075209,0.8129770992366412,0.3906761888457202,0,4.5,0.0,0.0008560731104752,0.0010978682557413,False,False,False,False,False,False,False,False,False,False,False,False,False,False,False,False,False,True,False,False,False,False,False,False,False,False,False,False,False,False,False,False,False,False,True,False,False,False,False,False,False,False,Waitak,20231202_Te Rapa_Open_1300.0,1.0,4.0,1
1600.0,1,1,25.0,0.1297694378866374,5.2,4.43846820423443,0.4,0.5477225575051662,3,1.2222222222222223,0.0006666666666666,0.0001584249084249,0.0002383504549311,False,False,False,False,False,False,False,False,False,False,False,False,False,False,False,False,False,True,False,False,False,False,False,False,False,False,False,False,False,False,False,False,False,False,True,False,False,False,False,False,False,False,El Vencedor,20231202_Te Rapa_Open_1600.0,1.0,4.0,1
1400.0,1,1,25.0,0.0,2.0,2.512395057075209,1.0,0.3906761888457202,0,3.6,0.0,0.0,0.0010978682557413,False,False,False,False,False,False,False,False,False,False,False,False,False,False,False,False,False,True,False,False,False,False,False,False,False,False,False,False,False,False,False,False,False,False,False,True,False,False,False,False,False,False,Snazzytavi,20231202_Te Rapa_R 65_1400.0,1.0,4.0,1
1400.0,0,1,91.0,0.0,10.0,2.512395057075209,0.0,0.3906761888457202,3,2.0,0.00025,0.0,0.0010978682557413,False,False,False,False,False,False,False,False,True,False,False,False,False,False,False,False,False,False,False,False,False,False,False,False,False,False,True,False,False,False,False,False,False,False,False,False,False,False,False,False,False,False,Orchestral,20231209_Pukekohe_3yo_1400.0,2.0,3.0,1
1100.0,1,1,27.0,0.0,1.0,2.512395057075209,1.0,0.3906761888457202,4,1.0,0.0,0.0,0.0010978682557413,False,False,False,False,False,False,False,False,False,False,False,False,False,False,False,False,False,False,True,False,False,False,False,True,False,False,False,False,False,False,False,False,False,False,False,False,False,False,False,False,False,False,Captured By Love,20231209_Trentham_2yo_1100.0,1.0,4.0,1
1600.0,1,1,25.0,0.0,3.0,2.512395057075209,1.0,0.3906761888457202,0,3.1,0.0,0.0,0.0010978682557413,False,False,False,False,False,False,False,False,False,False,False,False,False,False,False,False,False,False,True,False,False,False,False,False,False,False,False,False,False,False,False,False,False,False,False,False,True,False,False,False,False,False,Nereus,20231209_Trentham_R 65X_1600.0,1.0,4.0,1
1600.0,1,1,21.0,0.6270890852730561,2.0,1.4142135623730951,1.0,0.0,5,3.1,0.0,0.0,0.0,False,False,False,False,False,False,False,False,False,False,False,False,False,False,False,False,False,False,True,False,False,False,False,False,False,False,False,False,False,False,False,False,False,False,False,False,False,False,False,False,True,False,Desert Lightning,20231209_Trentham_WFA_1600.0,1.0,4.0,2
1600.0,0,0,14.0,0.6716439522023605,4.0,4.242640687119285,0.6,0.5477225575051661,5,3.1,0.0,0.0007840909090909,0.0009982875316599,False,False,False,False,False,False,False,False,False,False,False,False,False,False,False,False,False,False,True,False,False,False,False,False,False,False,False,False,False,False,False,False,False,False,False,False,False,False,False,False,True,False,Belardo Boy,20231209_Trentham_WFA_1600.0,11.0,0.0,2
1200.0,0,1,98.0,0.2786558481415308,1.0,0.0,1.0,0.0,0,3.5,0.0025,0.0,0.0,False,False,False,False,False,False,False,False,False,False,False,False,False,False,False,False,False,True,False,False,False,False,False,False,False,False,True,False,False,False,False,False,False,False,False,False,False,False,False,False,False,False,Quintessa,20231216_Te Rapa_3yo_1200.0,2.0,3.0,1
1600.0,1,1,21.0,0.0872263323013312,3.2,3.359894178227774,0.6,0.5477225575051661,4,1.2222222222222223,0.0028571428571428,0.0006174143437862,0.0005785921480567,False,False,False,False,False,False,False,False,False,False,False,False,False,False,False,False,False,True,False,False,False,False,False,False,False,False,False,False,False,False,False,False,False,False,False,False,False,False,False,False,False,True,Campionessa,20231216_Te Rapa_WFAf&m_1600.0,1.0,4.0,1
1600.0,1,1,29.0,0.0,1.0,2.512395057075209,1.0,0.3906761888457202,0,3.1,0.0,0.0,0.0010978682557413,False,False,False,False,False,False,False,False,False,False,False,False,False,False,False,False,False,False,True,False,False,False,False,False,False,False,False,False,False,False,False,False,False,False,False,False,False,True,False,False,False,False,Islington Lass,20231223_Trentham_R 75_1600.0,1.0,4.0,1
1400.0,1,1,38.0,0.2482926518957048,4.0,4.358898943540674,0.6666666666666666,0.5773502691896258,4,3.6666666666666665,0.001875,0.0,0.0,False,False,False,False,False,False,False,False,False,False,False,False,False,False,False,False,False,False,True,False,False,False,False,False,False,False,False,False,False,False,False,False,False,False,False,False,False,False,False,False,True,False,Puntura,20231223_Trentham_WFA_1400.0,1.0,4.0,2
1400.0,0,1,14.0,0.9412028382204268,5.166666666666667,4.750438576243952,0.4,0.5477225575051661,4,3.6666666666666665,0.0002840909090909,0.0007840909090909,0.0009982875316599,False,False,False,False,False,False,False,False,False,False,False,False,False,False,False,False,False,False,True,False,False,False,False,False,False,False,False,False,False,False,False,False,False,False,False,False,False,False,False,False,True,False,Belardo Boy,20231223_Trentham_WFA_1400.0,3.0,2.0,2
1400.0,0,1,10.0,0.5505464206894983,1.3333333333333333,0.5773502691896258,1.0,0.0,4,2.0,0.0,0.0008333333333333,0.001443375672974,False,False,False,False,False,False,False,False,True,False,False,False,False,False,False,False,False,False,False,False,False,False,False,False,False,False,True,False,False,False,False,False,False,False,False,False,False,False,False,False,False,False,Quintessa,20231226_Pukekohe_3yo_1400.0,2.0,3.0,1
1600.0,1,1,38.0,0.3219582715376759,2.75,2.0615528128088303,0.5,0.5773502691896257,4,4.142857142857143,0.003125,0.0001785714285714,0.0003571428571428,False,False,False,False,False,False,False,False,True,False,False,False,False,False,False,False,False,False,False,False,False,False,False,False,False,False,False,False,True,False,False,False,False,False,False,False,False,False,False,False,False,False,Molly Bloom,20231226_Pukekohe_3yof_1600.0,1.0,4.0,1
1500.0,1,1,24.0,0.2900820035811268,1.5,0.7071067811865476,1.0,0.0,0,1.5,0.0,0.0,0.0,False,False,False,False,False,False,False,False,True,False,False,False,False,False,False,False,False,False,False,False,False,False,False,False,False,False,False,False,False,False,False,False,False,True,False,False,False,False,False,False,False,False,Snazzytavi,20231226_Pukekohe_MdnSpc_1500.0,1.0,4.0,1
2050.0,1,1,10.0,0.7866674701379797,3.1,3.4140233677518315,0.6,0.5477225575051661,5,2.0,0.0025,0.0011174143437862,0.0011222430732638,False,False,False,False,False,False,False,False,True,False,False,False,False,False,False,False,False,False,False,False,False,False,False,False,False,False,False,False,False,False,False,False,False,False,False,False,False,False,False,False,True,False,Campionessa,20231226_Pukekohe_WFA_2050.0,1.0,4.0,1
2100.0,1,1,22.0,0.1957562831605027,2.0,1.4142135623730951,1.0,0.0,0,1.0,0.0,0.0,0.0,False,False,False,True,False,False,False,False,False,False,False,False,False,False,False,False,False,False,False,False,False,False,False,False,False,False,False,False,False,False,False,False,False,False,False,False,False,True,False,False,False,False,Nereus,20231231_Hastings_R 75_2100.0,1.0,4.0,1
1200.0,0,1,37.0,0.5674136687970038,1.0,0.0,1.0,0.0,4,2.375,0.0018181818181818,0.0,0.0,False,False,False,False,False,False,False,False,True,False,False,False,False,False,False,False,False,False,False,False,False,False,False,True,False,False,False,False,False,False,False,False,False,False,False,False,False,False,False,False,False,False,Velocious,20240101_Pukekohe_2yo_1200.0,3.0,2.0,1
1600.0,1,1,23.0,0.0,6.0,5.656854249492381,0.5,0.7071067811865476,0,4.142857142857143,0.0010714285714285,0.000125,0.0001767766952966,False,False,False,False,False,False,False,False,True,False,False,False,False,False,False,False,False,False,False,False,False,False,False,False,False,False,True,False,False,False,False,False,False,False,False,False,False,False,False,False,False,False,Orchestral,20240101_Pukekohe_3yo_1600.0,1.0,4.0,1
1200.0,1,1,30.0,0.0,1.0,2.512395057075209,1.0,0.3906761888457202,5,2.375,0.0,0.0,0.0010978682557413,False,False,False,False,False,False,False,False,True,False,False,False,False,False,False,False,False,False,False,False,False,False,False,False,False,False,False,False,False,False,False,False,False,False,True,False,False,False,False,False,False,False,Waitak,20240101_Pukekohe_Open_1200.0,1.0,4.0,1
1600.0,0,1,30.0,0.3643576059834472,4.5,4.324349662087931,0.6,0.5477225575051662,4,4.142857142857143,0.001875,0.0002917582417582,0.0003047811107113,False,False,False,False,False,False,False,False,True,False,False,False,False,False,False,False,False,False,False,False,False,False,False,False,False,False,False,False,False,False,False,False,False,False,True,False,False,False,False,False,False,False,El Vencedor,20240101_Pukekohe_Open_1600.0,3.0,2.0,1
1600.0,1,1,18.0,0.8170655194851084,1.5,0.5773502691896257,1.0,0.0,5,3.1,0.0014285714285714,0.000625,0.00125,False,False,False,False,False,False,False,False,False,False,False,False,False,False,False,False,False,False,True,False,False,False,False,False,False,False,True,False,False,False,False,False,False,False,False,False,False,False,False,False,False,False,Quintessa,20240113_Trentham_3yo_1600.0,1.0,4.0,1
1400.0,1,1,99.0,0.0804778139512878,2.0,1.4142135623730951,1.0,0.0,0,1.0,0.00125,0.000595238095238,0.0008417937871268,False,False,True,False,False,False,False,False,False,False,False,False,False,False,False,False,False,False,False,False,False,False,False,False,False,False,False,False,False,False,False,False,False,False,True,False,False,False,False,False,False,False,Legarto,20240114_Ellerslie_Open_1400.0,1.0,4.0,1
2100.0,0,1,20.0,0.7838384630556443,1.6666666666666667,1.1547005383792517,1.0,0.0,0,2.0,0.0,0.0,0.0,False,False,False,False,False,False,False,False,False,False,False,False,False,False,False,False,False,False,True,False,False,False,False,False,False,False,False,False,False,False,False,False,False,True,False,False,False,False,False,False,False,False,Nereus,20240120_Trentham_MdnSpc_2100.0,2.0,3.0,1
1600.0,1,1,28.0,0.6622125593696637,3.25,3.8622100754188224,0.75,0.5,5,3.1,0.0028571428571428,0.00046875,0.0009375,False,False,False,False,False,False,False,False,False,False,False,False,False,False,False,False,False,False,True,False,False,False,False,False,False,False,False,False,False,False,False,False,False,False,True,False,False,False,False,False,False,False,Puntura,20240120_Trentham_Open_1600.0,1.0,4.0,3
1600.0,0,1,19.0,0.875178566341986,4.285714285714286,3.9880774697543058,0.6,0.5477225575051662,5,3.1,0.0008333333333333,0.0006154761904761,0.0007669753149788,False,False,False,False,False,False,False,False,False,False,False,False,False,False,False,False,False,False,True,False,False,False,False,False,False,False,False,False,False,False,False,False,False,False,True,False,False,False,False,False,False,False,El Vencedor,20240120_Trentham_Open_1600.0,2.0,3.0,3
1600.0,0,0,25.0,1.2736827542792315,3.0,3.4641016151377544,0.6,0.5477225575051661,5,3.1,0.0024390243902439,0.0013674143437862,0.0012863885690654,False,False,False,False,False,False,False,False,False,False,False,False,False,False,False,False,False,False,True,False,False,False,False,False,False,False,False,False,False,False,False,False,False,False,True,False,False,False,False,False,False,False,Campionessa,20240120_Trentham_Open_1600.0,9.0,0.0,3
1200.0,1,1,26.0,0.9216322920521636,1.6666666666666667,1.1547005383792517,1.0,0.0,2,1.375,0.0011111111111111,0.0006060606060606,0.0010497277621629,False,False,True,False,False,False,False,False,False,False,False,False,False,False,False,False,False,False,False,False,False,False,False,True,False,False,False,False,False,False,False,False,False,False,False,False,False,False,False,False,False,False,Velocious,20240127_Ellerslie_2yo_1200.0,1.0,4.0,1
1200.0,1,1,77.0,0.910399880143384,1.0,0.0,1.0,0.0,3,1.375,0.003125,0.0010714285714285,0.0014725377234348,False,False,True,False,False,False,False,False,False,False,False,False,False,False,False,False,False,False,False,False,False,False,False,False,False,False,True,False,False,False,False,False,False,False,False,False,False,False,False,False,False,False,Crocetti,20240127_Ellerslie_3yo_1200.0,1.0,4.0,1
1600.0,1,1,26.0,0.2900820035811268,4.333333333333333,4.932882862316247,0.6666666666666666,0.5773502691896258,2,2.4,0.0,0.0004404761904761,0.0005605360650949,False,False,True,False,False,False,False,False,False,False,False,False,False,False,False,False,False,False,False,False,False,False,False,False,False,False,True,False,False,False,False,False,False,False,False,False,False,False,False,False,False,False,Orchestral,20240127_Ellerslie_3yo_1600.0,1.0,4.0,2
1600.0,0,0,32.0,0.6850490328075388,2.4,1.949358868961793,0.6,0.5477225575051661,2,2.4,0.0025,0.0007678571428571,0.0013534960401169,False,False,True,False,False,False,False,False,False,False,False,False,False,False,False,False,False,False,False,False,False,False,False,False,False,False,True,False,False,False,False,False,False,False,False,False,False,False,False,False,False,False,Molly Bloom,20240127_Ellerslie_3yo_1600.0,7.0,0.0,2
1600.0,1,1,49.0,0.5154250384915843,1.6666666666666667,1.1547005383792517,1.0,0.0,1,2.4,0.003125,0.0,0.0,False,False,True,False,False,False,False,False,False,False,False,False,False,False,False,False,False,False,False,False,False,False,False,False,False,False,False,False,False,False,False,False,False,False,True,False,False,False,False,False,False,False,Desert Lightning,20240127_Ellerslie_Open_1600.0,1.0,4.0,2
1600.0,0,1,13.0,0.357754708716569,1.6666666666666667,1.1547005383792517,1.0,0.0,1,2.4,0.0,0.000813492063492,0.0007051331604728,False,False,True,False,False,False,False,False,False,False,False,False,False,False,False,False,False,False,False,False,False,False,False,False,False,False,False,False,False,False,False,False,False,False,True,False,False,False,False,False,False,False,Legarto,20240127_Ellerslie_Open_1600.0,2.0,3.0,2
1200.0,1,1,56.0,0.3976344264845873,1.0,0.0,1.0,0.0,3,2.0,0.0036363636363636,0.0,0.0,False,False,False,False,False,False,True,False,False,False,False,False,False,False,False,False,False,False,False,False,False,False,False,True,False,False,False,False,False,False,False,False,False,False,False,False,False,False,False,False,False,False,Captured By Love,20240203_New Plymouth_2yo_1200.0,1.0,4.0,1
1400.0,0,1,112.0,0.2706387273960488,2.0,0.816496580927726,1.0,0.0,0,1.6,0.0024509803921568,0.000234375,0.00046875,False,False,False,False,False,False,True,False,False,False,False,False,False,False,False,False,False,False,False,False,False,False,False,False,False,False,False,False,False,False,False,False,False,False,True,False,False,False,False,False,False,False,Ladies Man,20240203_New Plymouth_Open_1400.0,3.0,2.0,1
1600.0,0,1,42.0,0.6622125593696637,1.3333333333333333,0.5773502691896257,1.0,0.0,0,3.0,0.0,0.0,0.0,False,False,False,False,False,False,False,False,False,False,False,False,False,True,False,False,False,False,False,False,False,False,False,False,False,False,False,False,False,False,False,False,False,False,False,False,False,False,False,False,False,True,Snazzytavi,20240206_Tauherinikau_WFAf&m_1600.0,3.0,2.0,1
2000.0,1,1,14.0,1.1861892746968263,3.1666666666666665,2.5625508125043424,0.4,0.5477225575051661,4,1.7777777777777777,0.0001785714285714,0.0012678571428571,0.0014567532742509,False,False,False,False,False,False,False,False,False,False,False,False,False,False,False,False,False,True,False,False,False,False,False,False,False,False,False,False,True,False,False,False,False,False,False,False,False,False,False,False,False,False,Molly Bloom,20240210_Te Rapa_3yof_2000.0,1.0,4.0,1
1400.0,0,1,14.0,1.14306175608424,1.0,0.0,1.0,0.0,5,3.6,0.0025,0.0016964285714285,0.0015644120953513,False,False,False,False,False,False,False,False,False,False,False,False,False,False,False,False,False,True,False,False,False,False,False,False,False,False,False,False,False,False,False,False,False,False,False,False,False,False,False,False,True,False,Crocetti,20240210_Te Rapa_WFA_1400.0,2.0,3.0,3
1400.0,0,0,28.0,0.8985230938657534,1.4,0.5477225575051661,1.0,0.0,5,3.6,0.003125,0.0007857142857142,0.001140622815905,False,False,False,False,False,False,False,False,False,False,False,False,False,False,False,False,False,True,False,False,False,False,False,False,False,False,False,False,False,False,False,False,False,False,False,False,False,False,False,False,True,False,Quintessa,20240210_Te Rapa_WFA_1400.0,4.0,1.0,3
1400.0,0,0,40.0,0.4594258240359266,1.0,0.0,1.0,0.0,5,3.6,0.0041666666666666,0.0,0.0,False,False,False,False,False,False,False,False,False,False,False,False,False,False,False,False,False,True,False,False,False,False,False,False,False,False,False,False,False,False,False,False,False,False,False,False,False,False,False,False,True,False,Waitak,20240210_Te Rapa_WFA_1400.0,8.0,0.0,3
2000.0,1,1,14.0,1.0470346155590715,1.75,0.9574271077563382,1.0,0.0,5,1.7777777777777777,0.0003125,0.000610119047619,0.0007049237668051,False,False,False,False,False,False,False,False,False,False,False,False,False,False,False,False,False,True,False,False,False,False,False,False,False,False,False,False,False,False,False,False,False,False,False,False,False,False,False,False,True,False,Legarto,20240210_Te Rapa_WFA_2000.0,1.0,4.0,2
2000.0,0,1,21.0,1.608444815978327,3.8,3.852848873813304,0.6,0.5477225575051661,5,1.7777777777777777,0.0003472222222222,0.0016113167828106,0.0013645707429232,False,False,False,False,False,False,False,False,False,False,False,False,False,False,False,False,False,True,False,False,False,False,False,False,False,False,False,False,False,False,False,False,False,False,False,False,False,False,False,False,True,False,Campionessa,20240210_Te Rapa_WFA_2000.0,2.0,3.0,2
2100.0,1,1,21.0,0.8229137700800928,3.5,4.358898943540674,0.75,0.5,4,1.0,0.00125,0.0003303571428571,0.0005079093804759,False,False,True,False,False,False,False,False,False,False,False,False,False,False,False,False,False,False,False,False,False,False,False,False,False,False,True,False,False,False,False,False,False,False,False,False,False,False,False,False,False,False,Orchestral,20240217_Ellerslie_3yo_2100.0,1.0,4.0,1
1200.0,1,1,21.0,0.7399295418102088,1.0,0.0,1.0,0.0,4,1.1428571428571428,0.0025,0.0012121212121212,0.0020994555243259,False,False,False,False,False,True,False,False,False,False,False,False,False,False,False,False,False,False,False,False,False,False,False,False,False,True,False,False,False,False,False,False,False,False,False,False,False,False,False,False,False,False,Captured By Love,20240224_Matamata_2yof_1200.0,1.0,4.0,1
2000.0,1,1,18.0,1.0555909064630145,1.75,0.957427107756338,1.0,0.0,0,2.0,0.0,0.0,0.0,False,False,False,False,False,True,False,False,False,False,False,False,False,False,False,False,False,False,False,False,False,False,False,False,False,False,False,False,False,False,False,False,False,False,False,False,False,True,False,False,False,False,Snazzytavi,20240224_Matamata_R 75_2000.0,1.0,4.0,1
1600.0,0,1,28.0,0.8026641061454236,1.5,1.0,1.0,0.0,5,5.0,0.000625,0.00078125,0.0015625,False,False,False,False,False,False,False,True,False,False,False,False,False,False,False,False,False,False,False,False,False,False,False,False,False,False,False,False,False,False,False,False,False,False,False,False,False,False,False,False,True,False,Desert Lightning,20240224_Otaki_WFA_1600.0,3.0,2.0,4
1600.0,0,0,35.0,0.7743122546427054,4.0,3.779644730092272,0.8,0.447213595499958,5,5.0,0.0015625,0.0007821428571428,0.0006860696830332,False,False,False,False,False,False,False,True,False,False,False,False,False,False,False,False,False,False,False,False,False,False,False,False,False,False,False,False,False,False,False,False,False,False,False,False,False,False,False,False,True,False,El Vencedor,20240224_Otaki_WFA_1600.0,4.0,1.0,4
1600.0,0,0,21.0,0.4424600968700948,2.2,0.8366600265340756,1.0,0.0,5,5.0,0.0,0.0006776960784313,0.0010711969075677,False,False,False,False,False,False,False,True,False,False,False,False,False,False,False,False,False,False,False,False,False,False,False,False,False,False,False,False,False,False,False,False,False,False,False,False,False,False,False,False,True,False,Ladies Man,20240224_Otaki_WFA_1600.0,5.0,0.0,4
1600.0,0,0,35.0,0.9454393192076704,2.8,3.492849839314596,0.8,0.4472135954999579,5,5.0,0.003125,0.0009464285714285,0.0013416645540187,False,False,False,False,False,False,False,True,False,False,False,False,False,False,False,False,False,False,False,False,False,False,False,False,False,False,False,False,False,False,False,False,False,False,False,False,False,False,False,False,True,False,Puntura,20240224_Otaki_WFA_1600.0,9.0,0.0,4
2400.0,1,1,14.0,1.3821739981771954,3.0,3.9370039370059056,0.8,0.4472135954999579,5,1.0,0.0019047619047619,0.0005142857142857,0.0006021856449803,False,False,True,False,False,False,False,False,False,False,False,False,False,False,False,False,False,False,False,False,False,False,False,False,False,False,True,False,False,False,False,False,False,False,False,False,False,False,False,False,False,False,Orchestral,20240302_Ellerslie_3yo_2400.0,1.0,4.0,1
1200.0,1,1,42.0,0.7329629091607721,1.5,1.0,1.0,0.0,5,1.375,0.0016666666666666,0.0007323232323232,0.0008935255562098,False,False,True,False,False,False,False,False,False,False,False,False,False,False,False,False,False,False,False,False,False,False,False,True,False,False,False,False,False,False,False,False,False,False,False,False,False,False,False,False,False,False,Velocious,20240309_Ellerslie_2yo_1200.0,1.0,4.0,2
1200.0,0,1,14.0,1.3111445173811362,1.0,0.0,1.0,0.0,5,1.375,0.0033333333333333,0.0015340909090909,0.0018311563583745,False,False,True,False,False,False,False,False,False,False,False,False,False,False,False,False,False,False,False,False,False,False,False,True,False,False,False,False,False,False,False,False,False,False,False,False,False,False,False,False,False,False,Captured By Love,20240309_Ellerslie_2yo_1200.0,3.0,2.0,2
2000.0,1,1,14.0,0.9528464657922806,4.0,3.5355339059327378,0.8,0.447213595499958,5,1.7142857142857142,0.00078125,0.0010946428571428,0.0005898506190845,False,False,True,False,False,False,False,False,False,False,False,False,False,False,False,False,False,False,False,False,False,False,False,False,False,False,False,False,False,False,False,False,False,False,False,False,False,False,False,False,True,False,El Vencedor,20240309_Ellerslie_WFA_2000.0,1.0,4.0,3
2000.0,0,1,28.0,1.080636096841952,1.6,0.894427190999916,1.0,0.0,5,1.7142857142857142,0.0025,0.0005505952380952,0.0006248228206909,False,False,True,False,False,False,False,False,False,False,False,False,False,False,False,False,False,False,False,False,False,False,False,False,False,False,False,False,False,False,False,False,False,False,False,False,False,False,False,False,True,False,Legarto,20240309_Ellerslie_WFA_2000.0,2.0,3.0,3
2000.0,0,1,14.0,0.6023962451857323,2.6666666666666665,1.3662601021279464,0.8,0.4472135954999579,5,1.7142857142857142,0.000625,0.0006776960784313,0.0010711969075677,False,False,True,False,False,False,False,False,False,False,False,False,False,False,False,False,False,False,False,False,False,False,False,False,False,False,False,False,False,False,False,False,False,False,False,False,False,False,False,False,True,False,Ladies Man,20240309_Ellerslie_WFA_2000.0,3.0,2.0,3
2000.0,0,1,18.0,1.0854503529824944,1.6,0.8944271909999159,1.0,0.0,0,2.0,0.0,0.0,0.0,False,False,False,False,False,True,False,False,False,False,False,False,False,False,False,False,False,False,False,False,False,False,False,False,False,False,False,False,False,False,False,False,False,False,False,False,False,False,False,True,False,False,Snazzytavi,20240313_Matamata_R 85_2000.0,3.0,2.0,1
1600.0,1,1,56.0,0.8505216233848281,1.75,0.9574271077563382,1.0,0.0,0,3.1,0.0,0.0,0.0,False,False,False,False,False,False,False,False,False,False,False,False,False,False,False,False,False,False,True,False,False,False,False,False,False,False,False,False,False,False,False,False,False,False,False,False,False,False,True,False,False,False,Nereus,20240316_Trentham_R 75X_1600.0,1.0,4.0,1
1400.0,1,1,100.0,0.2385125538543024,1.0,0.0,1.0,0.0,0,1.0,0.0,0.0,0.0,False,False,False,False,False,False,False,True,False,False,False,False,False,False,False,False,False,False,False,False,False,False,False,False,False,False,False,False,False,False,False,False,False,False,False,False,False,True,False,False,False,False,Islington Lass,20240401_Otaki_R 75_1400.0,1.0,4.0,1
1400.0,0,1,28.0,1.5876761286047412,1.4,0.8944271909999159,1.0,0.0,5,3.6666666666666665,0.0013888888888888,0.0018939393939393,0.0017782870597432,False,False,False,False,False,False,False,False,False,False,False,False,False,False,False,False,False,False,True,False,False,False,False,True,False,False,False,False,False,False,False,False,False,False,False,False,False,False,False,False,False,False,Captured By Love,20240406_Trentham_2yo_1400.0,3.0,2.0,2
1400.0,0,0,28.0,0.9964182489356976,1.4,0.8944271909999159,1.0,0.0,5,3.6666666666666665,0.0041666666666666,0.0009191919191919,0.0008794262165526,False,False,False,False,False,False,False,False,False,False,False,False,False,False,False,False,False,False,True,False,False,False,False,True,False,False,False,False,False,False,False,False,False,False,False,False,False,False,False,False,False,False,Velocious,20240406_Trentham_2yo_1400.0,7.0,0.0,2
2100.0,1,1,21.0,0.8860426936326441,1.6,0.894427190999916,1.0,0.0,4,2.0,0.0,0.0,0.0,False,False,False,False,False,False,False,False,False,False,False,False,False,False,False,False,False,False,True,False,False,False,False,False,False,False,False,False,False,False,False,False,False,False,True,False,False,False,False,False,False,False,Nereus,20240406_Trentham_Open_2100.0,1.0,4.0,1
2200.0,0,1,208.0,0.0811593960220119,2.333333333333333,1.1547005383792517,1.0,0.0,0,2.0,0.0,0.0,0.0,False,False,False,False,False,False,False,False,False,False,False,False,False,False,False,False,False,False,False,False,True,False,False,False,False,False,False,False,False,False,True,False,False,False,False,False,False,False,False,False,False,False,Berry The Cash,20240418_Waverley_JmpF_2200.0,3.0,2.0,1
1600.0,0,1,24.0,0.4348217622057378,1.0,0.0,1.0,0.0,0,5.0,0.0,0.0,0.0,False,False,False,False,False,False,False,True,False,False,False,False,False,False,False,False,False,False,False,False,False,False,False,False,False,False,False,False,False,False,False,False,False,False,True,False,False,False,False,False,False,False,Islington Lass,20240425_Otaki_Open_1600.0,2.0,3.0,1
1600.0,1,1,45.0,1.1549442224711928,1.8333333333333333,0.983192080250175,1.0,0.0,3,1.2222222222222223,0.0,0.0,0.0,False,False,False,False,False,False,False,False,False,False,False,False,False,False,False,False,False,True,False,False,False,False,False,False,False,False,False,False,False,False,False,False,False,False,True,False,False,False,False,False,False,False,Snazzytavi,20240427_Te Rapa_Open_1600.0,1.0,4.0,1
2200.0,1,1,15.0,0.0963966899657789,2.5,1.0,1.0,0.0,0,1.0,0.0,0.0,0.0,False,False,False,False,False,False,False,False,False,False,False,False,False,False,False,False,False,False,False,False,False,False,True,False,False,False,False,False,False,False,True,False,False,False,False,False,False,False,False,False,False,False,Berry The Cash,20240503_Woodville_JmpF_2200.0,1.0,4.0,1
1300.0,0,0,147.0,0.1837957963817151,4.857142857142857,4.413183712037204,0.6,0.5477225575051661,0,4.5,0.0009523809523809,0.000465909090909,0.0007968737339967,False,False,False,False,False,False,False,False,False,False,False,False,False,False,False,False,False,True,False,False,False,False,False,False,False,False,False,False,False,False,False,False,False,False,True,False,False,False,False,False,False,False,Belardo Boy,20240518_Te Rapa_Open_1300.0,8.0,0.0,1
1600.0,1,1,23.0,0.9299642725027774,1.25,0.5,1.0,0.0,2,3.1,0.0,0.0,0.0,False,False,False,False,False,False,False,False,False,False,False,False,False,False,False,False,False,False,True,False,False,False,False,False,False,False,False,False,False,False,False,False,False,False,True,False,False,False,False,False,False,False,Islington Lass,20240518_Trentham_Open_1600.0,1.0,4.0,1
3000.0,1,1,23.0,0.2910020484498818,2.2,1.0954451150103324,1.0,0.0,0,1.0,0.0,0.0,0.0,False,False,False,False,False,False,False,False,False,False,False,False,False,False,False,False,False,False,False,False,False,False,True,False,False,False,False,False,False,True,False,False,False,False,False,False,False,False,False,False,False,False,Berry The Cash,20240526_Woodville_Hrd_3000.0,1.0,4.0,1
1600.0,1,1,14.0,0.2124761951021492,5.25,4.234214381508266,0.4,0.5477225575051661,2,1.0,0.0,0.0006563852813852,0.0007710720924557,False,False,False,False,False,False,False,False,False,False,False,False,False,False,False,False,False,False,False,True,False,False,False,False,False,False,False,False,False,False,False,False,False,False,False,False,False,False,False,False,True,False,Belardo Boy,20240601_Wanganui_WFA_1600.0,1.0,4.0,1
3200.0,1,1,20.0,0.8531762195219881,2.0,1.0954451150103324,1.0,0.0,0,1.0,0.0,0.0,0.0,False,False,False,False,False,False,False,False,False,False,False,False,False,False,False,False,False,True,False,False,False,False,False,False,False,False,False,False,False,True,False,False,False,False,False,False,False,False,False,False,False,False,Berry The Cash,20240615_Te Rapa_Hrd_3200.0,1.0,4.0,1
3100.0,1,1,14.0,1.415650037755316,1.8571428571428568,1.0690449676496976,1.0,0.0,0,1.0,0.0,0.0,0.0,False,False,False,True,False,False,False,False,False,False,False,False,False,False,False,False,False,False,False,False,False,False,False,False,False,False,False,False,False,True,False,False,False,False,False,False,False,False,False,False,False,False,Berry The Cash,20240629_Hastings_Hrd_3100.0,1.0,4.0,1
1400.0,1,1,52.0,0.1192297353627383,4.777777777777778,4.206476488041321,0.6,0.5477225575051661,0,1.0,0.00125,0.0002813852813852,0.0003939871483471,False,False,False,False,True,False,False,False,False,False,False,False,False,False,False,False,False,False,False,False,False,False,False,False,False,False,False,False,False,False,False,False,False,False,True,False,False,False,False,False,False,False,Belardo Boy,20240723_Hawera_Open_1400.0,1.0,4.0,1
2200.0,1,1,29.0,1.6458510588293966,1.75,1.035098339013531,1.0,0.0,0,2.0,0.0,0.0,0.0,False,False,False,False,False,False,False,False,False,False,False,False,False,False,False,False,False,False,False,False,True,False,False,False,False,False,False,False,False,False,False,False,False,False,False,False,False,True,False,False,False,False,Berry The Cash,20240728_Waverley_R 75_2200.0,1.0,4.0,1
1100.0,1,1,365.0,0.0,2.4885496183206106,2.512395057075209,0.8129770992366412,0.3906761888457202,0,1.75,0.0,0.0008560731104752,0.0010978682557413,False,False,False,False,False,False,False,False,False,False,False,False,False,False,True,False,False,False,False,False,False,False,False,False,False,False,True,False,False,False,False,False,False,False,False,False,False,False,False,False,False,False,Leica Lucy,20240821_Taupo_3yo_1100.0,1.0,4.0,2
1100.0,1,1,0.0,0.0,1.0,2.512395057075209,1.0,0.3906761888457202,0,1.75,0.0,0.0,0.0010978682557413,False,False,False,False,False,False,False,False,False,False,False,False,False,False,True,False,False,False,False,False,False,False,False,False,False,False,True,False,False,False,False,False,False,False,False,False,False,False,False,False,False,False,Leica Lucy,20240821_Taupo_3yo_1100.0,1.0,4.0,2
1200.0,0,1,17.0,0.8278784880832378,1.0,0.0,1.0,0.0,2,3.2,0.0,0.0,0.0,False,False,False,True,False,False,False,False,False,False,False,False,False,False,False,False,False,False,False,False,False,False,False,False,False,False,True,False,False,False,False,False,False,False,False,False,False,False,False,False,False,False,Leica Lucy,20240907_Hastings_3yo_1200.0,2.0,3.0,1
1200.0,1,1,0.0,2.155756976166476,3.4,3.361547262794322,0.6,0.5477225575051661,3,3.2,0.0,0.0002460317460317,0.0003705592866644,False,False,False,True,False,False,False,False,False,False,False,False,False,False,False,False,False,False,False,False,False,False,False,False,False,False,False,False,True,False,False,False,False,False,False,False,False,False,False,False,False,False,Leica Lucy,20240907_Hastings_3yof_1200.0,1.0,4.0,1
1400.0,0,0,0.0,1.6557569761664757,1.3333333333333333,0.5773502691896258,1.0,0.0,5,3.1666666666666665,0.0008333333333333,0.0,0.0,False,False,False,True,False,False,False,False,False,False,False,False,False,False,False,False,False,False,False,False,False,False,False,False,False,False,False,False,False,False,False,False,False,False,False,False,False,False,False,False,True,False,Leica Lucy,20240907_Hastings_WFA_1400.0,9.0,0.0,1
1400.0,0,0,0.0,2.155756976166476,3.25,3.8622100754188224,0.75,0.5,0,3.25,0.0003968253968253,0.0002083333333333,0.0004166666666666,False,False,False,False,False,False,False,False,False,False,False,False,True,False,False,False,False,False,False,False,False,False,False,False,False,False,False,False,False,False,False,False,False,False,True,False,False,False,False,False,False,False,Leica Lucy,20240907_Ruakaka_Open_1400.0,4.0,1.0,1
1600.0,1,1,20.0,1.726195242415335,3.0,3.1622776601683795,0.6,0.5477225575051661,0,1.2222222222222223,0.0025,0.0002460317460317,0.0003705592866644,False,False,False,False,False,False,False,False,False,False,False,False,False,False,False,False,False,True,False,False,False,False,False,False,False,False,False,False,False,False,False,False,False,False,True,False,False,False,False,False,False,False,Leica Lucy,20240927_Te Rapa_Open_1600.0,1.0,4.0,1
1400.0,1,1,5.0,2.390375863141561,2.7142857142857144,2.984084768360628,0.6,0.5477225575051661,4,1.0,0.0,0.0007460317460317,0.001039121986291,False,False,False,False,False,True,False,False,False,False,False,False,False,False,False,False,False,False,False,False,False,False,False,False,False,False,True,False,False,False,False,False,False,False,False,False,False,False,False,False,False,False,Leica Lucy,20241002_Matamata_3yo_1400.0,1.0,4.0,1
1600.0,0,0,0.0,3.336335332048327,2.5,2.8284271247461903,0.6,0.5477225575051661,5,3.75,0.0028571428571428,0.0007460317460317,0.001039121986291,False,False,False,False,False,True,False,False,False,False,False,False,False,False,False,False,False,False,False,False,False,False,False,False,False,False,False,False,False,False,False,False,False,False,False,False,False,False,False,False,True,False,Leica Lucy,20241002_Matamata_WFA_1600.0,9.0,0.0,1
2040.0,1,1,10.0,3.8803233460081374,3.2222222222222223,3.419714088113865,0.6,0.5477225575051661,5,5.5,0.0003472222222222,0.0011507936507936,0.001409707910185,False,False,False,False,False,False,False,False,False,False,False,False,False,False,False,False,False,True,False,False,False,False,False,False,False,False,False,False,False,False,False,False,False,False,False,False,False,False,False,False,True,False,Leica Lucy,20241012_Te Rapa_WFA_2040.0,1.0,4.0,2
2040.0,0,0,0.0,3.8803233460081374,3.0,3.2998316455372216,0.8,0.4472135954999579,5,5.5,0.0024509803921568,0.001140873015873,0.0014164985338848,False,False,False,False,False,False,False,False,False,False,False,False,False,False,False,False,False,True,False,False,False,False,False,False,False,False,False,False,False,False,False,False,False,False,False,False,False,False,False,False,True,False,Leica Lucy,20241012_Te Rapa_WFA_2040.0,10.0,0.0,2
1400.0,1,1,18.0,3.9956708083412993,3.9,3.871548642195896,0.6,0.5477225575051661,4,1.0,0.0002450980392156,0.0016310690943043,0.0013452882134035,False,False,False,False,False,False,False,False,False,False,False,False,False,False,False,False,True,False,False,False,False,False,False,False,False,False,True,False,False,False,False,False,False,False,False,False,False,False,False,False,False,False,Leica Lucy,20241030_Te Aroha_3yo_1400.0,1.0,4.0,1
2000.0,1,1,6.0,3.737977951090216,3.9,3.871548642195896,0.6,0.5477225575051661,3,1.7142857142857142,0.0028571428571428,0.0011800887021475,0.0013590584778267,False,False,True,False,False,False,False,False,False,False,False,False,False,False,False,False,False,False,False,False,False,False,False,False,False,False,False,False,False,False,False,False,False,False,False,False,False,False,False,False,True,False,Leica Lucy,20241105_Ellerslie_WFA_2000.0,1.0,4.0,1
1400.0,1,1,1.0,4.6218447469369695,3.8,3.938414796731181,0.6,0.5477225575051661,0,1.6,0.0015,0.001751517273576,0.0013393476039883,False,False,False,False,False,False,True,False,False,False,False,False,False,False,False,False,False,False,False,False,False,False,False,False,False,False,False,True,False,False,False,False,False,False,False,False,False,False,False,False,False,False,Leica Lucy,20241106_New Plymouth_3yoM_1400.0,1.0,4.0,1
1600.0,1,1,3.0,5.426851392268649,3.0,3.5590260840104366,0.8,0.4472135954999579,5,1.5,0.0,0.0014800887021475,0.0011882648776859,False,False,False,False,False,False,False,False,False,True,False,False,False,False,False,False,False,False,False,False,False,False,False,False,False,False,True,False,False,False,False,False,False,False,False,False,False,False,False,False,False,False,Leica Lucy,20241109_Riccarton_3yo_1600.0,1.0,4.0,1
1100.0,1,1,0.0,6.394067492750654,2.7,3.591656999213594,0.8,0.4472135954999579,0,1.0,0.003125,0.001410644257703,0.001277796651343,False,False,False,False,False,False,False,False,False,False,False,False,False,False,False,False,False,True,False,False,False,False,False,True,False,False,False,False,False,False,False,False,False,False,False,False,False,False,False,False,False,False,Leica Lucy,20241109_Te Rapa_2yo_1100.0,1.0,4.0,1
1100.0,1,1,14.0,6.328874605823118,2.7,3.591656999213594,1.0,0.0,2,1.0,0.0,0.0015454481792717,0.001440218124181,False,False,False,False,False,False,False,False,True,False,False,False,False,False,False,False,False,False,False,False,False,False,False,True,False,False,False,False,False,False,False,False,False,False,False,False,False,False,False,False,False,False,Leica Lucy,20241123_Pukekohe_2yo_1100.0,1.0,4.0,1
1400.0,0,1,14.0,6.149766381583444,2.7,3.591656999213594,1.0,0.0,0,3.6666666666666665,0.0018181818181818,0.0014964285714285,0.0014985324453597,False,False,False,False,False,False,False,False,False,False,False,False,False,False,False,False,False,False,True,False,False,False,False,False,False,False,True,False,False,False,False,False,False,False,False,False,False,False,False,False,False,False,Leica Lucy,20241207_Trentham_3yo_1400.0,2.0,3.0,1
1600.0,0,0,0.0,7.005705904995708,2.8,3.5527766918597936,1.0,0.0,5,3.1,0.0,0.0012886363636363,0.0013246218078698,False,False,False,False,False,False,False,False,False,False,False,False,False,False,False,False,False,False,True,False,False,False,False,False,False,False,False,False,False,False,False,False,False,False,False,False,False,False,False,False,True,False,Leica Lucy,20241207_Trentham_WFA_1600.0,13.0,0.0,1
1600.0,1,1,7.0,6.944053909864472,3.2,4.442221666388715,0.8,0.4472135954999579,4,1.2222222222222223,0.0002403846153846,0.0009886363636363,0.0014304195911031,False,False,False,False,False,False,False,False,False,False,False,False,False,False,False,False,False,True,False,False,False,False,False,False,False,False,False,False,False,False,False,False,False,False,False,False,False,False,False,False,False,True,Leica Lucy,20241214_Te Rapa_WFAf&m_1600.0,1.0,4.0,1
1600.0,1,1,7.0,6.424430335194652,3.2,4.442221666388715,0.8,0.4472135954999579,3,3.1,0.0025,0.0010367132867132,0.0013924190006101,False,False,False,False,False,False,False,False,False,False,False,False,False,False,False,False,False,False,True,False,False,False,False,False,False,False,False,False,True,False,False,False,False,False,False,False,False,False,False,False,False,False,Leica Lucy,20241221_Trentham_3yof_1600.0,1.0,4.0,1
2000.0,1,1,5.0,6.952424026952194,2.3,3.772709017845576,0.8,0.4472135954999579,5,1.7142857142857142,0.001875,0.0009117132867132,0.0011680608183473,False,False,True,False,False,False,False,False,False,False,False,False,False,False,False,False,False,False,False,False,False,False,False,False,False,False,False,False,False,False,False,False,False,False,False,False,False,False,False,False,True,False,Leica Lucy,20241226_Ellerslie_WFA_2000.0,1.0,4.0,2
2000.0,0,1,0.0,7.898383495858959,2.3,3.772709017845576,0.8,0.4472135954999579,5,1.7142857142857142,0.0025,0.0012867132867132,0.0011012537714189,False,False,True,False,False,False,False,False,False,False,False,False,False,False,False,False,False,False,False,False,False,False,False,False,False,False,False,False,False,False,False,False,False,False,False,False,False,False,False,False,True,False,Leica Lucy,20241226_Ellerslie_WFA_2000.0,3.0,2.0,2
1200.0,0,1,6.0,8.32449991586612,2.5,3.749073959733997,0.8,0.4472135954999579,4,1.375,0.0008333333333333,0.0014230769230769,0.0012193922787953,False,False,True,False,False,False,False,False,False,False,False,False,False,False,False,False,False,False,False,False,False,False,False,True,False,False,False,False,False,False,False,False,False,False,False,False,False,False,False,False,False,False,Leica Lucy,20250101_Ellerslie_2yo_1200.0,2.0,3.0,1
1400.0,1,1,10.0,7.72534219988397,2.6,3.717824931626315,1.0,0.0,4,3.6666666666666665,0.0016666666666666,0.0015897435897435,0.0010162960693252,False,False,False,False,False,False,False,False,False,False,False,False,False,False,False,False,False,False,True,False,False,False,False,False,False,False,True,False,False,False,False,False,False,False,False,False,False,False,False,False,False,False,Leica Lucy,20250111_Trentham_3yo_1400.0,1.0,4.0,1
1600.0,1,1,7.0,7.561194064196467,2.6,3.717824931626315,1.0,0.0,3,3.1,0.0028571428571428,0.001875,0.0006909634979907,False,False,False,False,False,False,False,False,False,False,False,False,False,False,False,False,False,False,True,False,False,False,False,False,False,False,False,False,True,False,False,False,False,False,False,False,False,False,False,False,False,False,Leica Lucy,20250118_Trentham_3yof_1600.0,1.0,4.0,1
1200.0,1,1,7.0,7.851329413359936,2.6,3.717824931626315,1.0,0.0,2,1.375,0.001875,0.0019464285714285,0.0007839310572329,False,False,True,False,False,False,False,False,False,False,False,False,False,False,False,False,False,False,False,False,False,False,False,True,False,False,False,False,False,False,False,False,False,False,False,False,False,False,False,False,False,False,Leica Lucy,20250125_Ellerslie_2yo_1200.0,1.0,4.0,1
1200.0,1,1,0.0,9.04492393051922,2.5,3.749073959733997,1.0,0.0,3,1.375,0.0013333333333333,0.0017797619047619,0.0007230366722915,False,False,True,False,False,False,False,False,False,False,False,False,False,False,False,False,False,False,False,False,False,False,False,True,False,False,False,False,False,False,False,False,False,False,False,False,False,False,False,False,False,False,Leica Lucy,20250201_Ellerslie_2yo_1200.0,1.0,4.0,1
1500.0,1,1,7.0,8.11975393348502,2.6,3.717824931626315,1.0,0.0,2,1.0,0.0016666666666666,0.0019464285714285,0.0007839310572329,False,False,True,False,False,False,False,False,False,False,False,False,False,False,False,False,False,False,False,False,False,False,False,False,False,False,False,False,False,False,False,False,False,False,True,False,False,False,False,False,False,False,Leica Lucy,20250201_Ellerslie_Open_1500.0,1.0,4.0,1
2000.0,1,1,7.0,9.293262243007252,1.3,0.6749485577105458,1.0,0.0,4,1.7777777777777777,0.0025,0.0018797619047619,0.0005798059042656,False,False,False,False,False,False,False,False,False,False,False,False,False,False,False,False,False,True,False,False,False,False,False,False,False,False,False,False,True,False,False,False,False,False,False,False,False,False,False,False,False,False,Leica Lucy,20250208_Te Rapa_3yof_2000.0,1.0,4.0,1
1400.0,0,1,0.0,10.218432240041452,1.3,0.6749485577105458,1.0,0.0,5,3.6,0.002,0.0020464285714285,0.0006215095276586,False,False,False,False,False,False,False,False,False,False,False,False,False,False,False,False,False,True,False,False,False,False,False,False,False,False,False,False,False,False,False,False,False,False,False,False,False,False,False,False,True,False,Leica Lucy,20250208_Te Rapa_WFA_1400.0,3.0,2.0,1
2000.0,1,1,0.0,11.218432240041452,1.5,0.849836585598792,1.0,0.0,5,1.7777777777777777,0.0011904761904761,0.001875,0.0004310033513661,False,False,False,False,False,False,False,False,False,False,False,False,False,False,False,False,False,True,False,False,False,False,False,False,False,False,False,False,False,False,False,False,False,False,False,False,False,False,False,False,True,False,Leica Lucy,20250208_Te Rapa_WFA_2000.0,1.0,4.0,1
1200.0,1,1,0.0,11.609433018303037,1.3,0.674948557710546,1.0,0.0,3,1.1428571428571428,0.0033333333333333,0.0019047619047619,0.0006233822600755,False,False,False,False,False,True,False,False,False,False,False,False,False,False,False,False,False,False,False,False,False,False,False,True,False,False,False,False,False,False,False,False,False,False,False,False,False,False,False,False,False,False,Leica Lucy,20250215_Matamata_2yo_1200.0,1.0,4.0,1
1200.0,1,1,7.0,10.684263021268835,1.5,0.849836585598792,1.0,0.0,4,1.1428571428571428,0.0025,0.0017380952380952,0.0005286572216946,False,False,False,False,False,True,False,False,False,False,False,False,False,False,False,False,False,False,False,False,False,False,False,False,False,True,False,False,False,False,False,False,False,False,False,False,False,False,False,False,False,False,Leica Lucy,20250215_Matamata_2yof_1200.0,1.0,4.0,1
1600.0,1,1,7.0,11.665869108146389,1.2,0.6324555320336683,1.0,0.0,5,2.4,0.0025,0.0023047619047619,0.0007856060531515,False,False,True,False,False,False,False,False,False,False,False,False,False,False,False,False,False,False,False,False,False,False,False,False,False,False,False,False,False,False,False,False,False,False,False,False,False,False,False,False,True,False,Leica Lucy,20250222_Ellerslie_WFA_1600.0,1.0,4.0,1
2100.0,1,1,8.0,11.52013633611643,1.2,0.6324555320336683,1.0,0.0,4,2.0,0.003125,0.0023047619047619,0.0007856060531515,False,False,False,False,False,False,False,False,False,False,False,False,False,False,False,False,False,False,True,False,False,False,False,False,False,False,False,False,True,False,False,False,False,False,False,False,False,False,False,False,False,False,Leica Lucy,20250302_Trentham_3yof_2100.0,1.0,4.0,1
1200.0,1,1,0.0,12.56861451939735,1.2,0.6324555320336683,1.0,0.0,5,1.375,0.0025,0.002672619047619,0.0005679769265697,False,False,True,False,False,False,False,False,False,False,False,False,False,False,False,False,False,False,False,False,False,False,False,True,False,False,False,False,False,False,False,False,False,False,False,False,False,False,False,False,False,False,Leica Lucy,20250308_Ellerslie_2yo_1200.0,1.0,4.0,1
2000.0,1,1,6.0,11.633107534365733,1.2,0.6324555320336683,1.0,0.0,5,1.7142857142857142,0.0019047619047619,0.0025297619047619,0.0008359864229278,False,False,True,False,False,False,False,False,False,False,False,False,False,False,False,False,False,False,False,False,False,False,False,False,False,False,False,False,False,False,False,False,False,False,False,False,False,False,False,False,True,False,Leica Lucy,20250308_Ellerslie_WFA_2000.0,1.0,4.0,1
2400.0,1,1,14.0,11.61391344509771,1.2,0.6324555320336683,1.0,0.0,5,1.0,0.0041666666666666,0.002672619047619,0.0005679769265697,False,False,False,False,False,False,False,False,False,False,False,False,False,False,False,False,False,False,True,False,False,False,False,False,False,False,False,False,True,False,False,False,False,False,False,False,False,False,False,False,False,False,Leica Lucy,20250322_Trentham_3yof_2400.0,1.0,4.0,1
1400.0,1,1,7.0,11.536733833893308,1.2,0.6324555320336683,1.0,0.0,5,3.6666666666666665,0.0020833333333333,0.0028392857142857,0.0008583614023546,False,False,False,False,False,False,False,False,False,False,False,False,False,False,False,False,False,False,True,False,False,False,False,True,False,False,False,False,False,False,False,False,False,False,False,False,False,False,False,False,False,False,Leica Lucy,20250329_Trentham_2yo_1400.0,1.0,4.0,1
